userName;mealPlanId;date;recipeName
AilisRenals;1;20.06.2017;Bacon - Lamm mit  Baerlauchrisotto
AilisRenals;1;21.06.2017;Balsamico Huehnchen
AilisRenals;1;22.06.2017;Bolognese auf klassische Art
AilisRenals;1;23.06.2017;Brokkoli - Honig - Haehnchen
AilisRenals;1;24.06.2017;Brokkoli-Hackfleisch-Pfanne mit Ingwer und Mandel
AilisRenals;2;25.06.2017;Couscous Bratlinge
AilisRenals;2;26.06.2017;Granatapfelfeldsalat
AilisRenals;2;27.06.2017;Fusilli alla siciliana
AilisRenals;2;28.06.2017;Gazpacho Andaluz - mit Staudensellerie
AilisRenals;2;29.06.2017;Haehnchensteaks auf Tomatenreis
AlisanderGierck;1;17.06.2017;Paprikasuppe mit Curry-Haehnchenbrust
AlisanderGierck;1;18.06.2017;New York Club Sandwich
AlisanderGierck;1;19.06.2017;Carpaccio vom Rind
AlisanderGierck;1;20.06.2017;Gefuellter Fenchel mit Raeucherlachs
AlisanderGierck;1;21.06.2017;Joghurt - Bombe
AlisanderGierck;1;22.06.2017;Gourmet-Schoko-Pudding
AlisanderGierck;1;23.06.2017;Kaiserschmarrn
AlisanderGierck;1;24.06.2017;Eiweissbrot
AntonyWhatham;1;18.07.2017;Kuerbisbrot
AntonyWhatham;1;19.07.2017;Naanbrot
AntonyWhatham;1;20.07.2017;Spaetzle
AntonyWhatham;1;21.07.2017;Bacon - Lamm mit  Baerlauchrisotto
AnyaPhilbrook;1;22.07.2017;Balsamico Huehnchen
AnyaPhilbrook;1;23.07.2017;Bolognese auf klassische Art
AnyaPhilbrook;1;24.07.2017;Brokkoli - Honig - Haehnchen
AnyaPhilbrook;1;25.07.2017;Brokkoli-Hackfleisch-Pfanne mit Ingwer und Mandel
AnyaPhilbrook;1;26.07.2017;Couscous Bratlinge
AnyaPhilbrook;1;27.07.2017;Granatapfelfeldsalat
AnyaPhilbrook;1;28.07.2017;Fusilli alla siciliana
AnyaPhilbrook;1;29.07.2017;Gazpacho Andaluz - mit Staudensellerie
AnyaPhilbrook;1;30.07.2017;Haehnchensteaks auf Tomatenreis
ArchambaultRosentholer;1;19.07.2017;Paprikasuppe mit Curry-Haehnchenbrust
ArchambaultRosentholer;1;20.07.2017;New York Club Sandwich
ArchambaultRosentholer;1;21.07.2017;Carpaccio vom Rind
ArchambaultRosentholer;1;22.07.2017;Gefuellter Fenchel mit Raeucherlachs
ArchambaultRosentholer;1;23.07.2017;Joghurt - Bombe
ArchambaultRosentholer;1;24.07.2017;Gourmet-Schoko-Pudding
ArdisPriest;1;25.07.2017;Kaiserschmarrn
ArdisPriest;1;26.07.2017;Eiweissbrot
ArdisPriest;1;27.07.2017;Kuerbisbrot
ArdisPriest;1;28.07.2017;Naanbrot
ArdisPriest;1;29.07.2017;Spaetzle
ArdisPriest;1;30.07.2017;Bacon - Lamm mit  Baerlauchrisotto
ArdisPriest;1;31.07.2017;Balsamico Huehnchen
ArdisPriest;1;01.08.2017;Bolognese auf klassische Art
ArdisPriest;1;02.08.2017;Brokkoli - Honig - Haehnchen
ArdisPriest;1;03.08.2017;Brokkoli-Hackfleisch-Pfanne mit Ingwer und Mandel
ArdisPriest;1;04.08.2017;Couscous Bratlinge
ArdisPriest;2;05.08.2017;Granatapfelfeldsalat
ArdisPriest;2;06.08.2017;Fusilli alla siciliana
ArdisPriest;2;07.08.2017;Gazpacho Andaluz - mit Staudensellerie
ArdisPriest;2;08.08.2017;Haehnchensteaks auf Tomatenreis
ArdisPriest;2;09.08.2017;Paprikasuppe mit Curry-Haehnchenbrust
ArdisPriest;2;10.08.2017;New York Club Sandwich
AxeDanjoie;1;14.07.2017;Carpaccio vom Rind
AxeDanjoie;1;15.07.2017;Gefuellter Fenchel mit Raeucherlachs
AxeDanjoie;1;16.07.2017;Joghurt - Bombe
AxeDanjoie;1;17.07.2017;Gourmet-Schoko-Pudding
AxeDanjoie;1;18.07.2017;Kaiserschmarrn
AxeDanjoie;1;19.07.2017;Eiweissbrot
AxeDanjoie;2;20.07.2017;Kuerbisbrot
BaileyAnney;2;21.07.2017;Naanbrot
BaileyAnney;2;22.07.2017;Spaetzle
BaileyAnney;2;23.07.2017;Bacon - Lamm mit  Baerlauchrisotto
BaileyAnney;2;24.07.2017;Balsamico Huehnchen
BaileyAnney;2;25.07.2017;Bolognese auf klassische Art
BaileyAnney;1;26.07.2017;Brokkoli - Honig - Haehnchen
BettineTorpie;1;27.07.2017;Brokkoli-Hackfleisch-Pfanne mit Ingwer und Mandel
BettineTorpie;1;28.07.2017;Couscous Bratlinge
BettineTorpie;1;29.07.2017;Granatapfelfeldsalat
BettineTorpie;1;30.07.2017;Fusilli alla siciliana
BettineTorpie;1;31.07.2017;Gazpacho Andaluz - mit Staudensellerie
BettineTorpie;1;01.08.2017;Haehnchensteaks auf Tomatenreis
BettineTorpie;1;02.08.2017;Paprikasuppe mit Curry-Haehnchenbrust
BogeyAmesbury;1;13.07.2017;New York Club Sandwich
BogeyAmesbury;1;14.07.2017;Carpaccio vom Rind
BogeyAmesbury;1;15.07.2017;Gefuellter Fenchel mit Raeucherlachs
BogeyAmesbury;1;16.07.2017;Joghurt - Bombe
BogeyAmesbury;1;17.07.2017;Gourmet-Schoko-Pudding
BogeyAmesbury;1;18.07.2017;Kaiserschmarrn
BogeyAmesbury;1;19.07.2017;Eiweissbrot
BogeyAmesbury;1;20.07.2017;Kuerbisbrot
BogeyAmesbury;2;21.07.2017;Naanbrot
BogeyAmesbury;2;22.07.2017;Spaetzle
BogeyAmesbury;2;23.07.2017;Bacon - Lamm mit  Baerlauchrisotto
BogeyAmesbury;2;24.07.2017;Balsamico Huehnchen
BogeyAmesbury;2;25.07.2017;Bolognese auf klassische Art
BrookAssur;1;26.07.2017;Brokkoli - Honig - Haehnchen
BrookAssur;1;27.07.2017;Brokkoli-Hackfleisch-Pfanne mit Ingwer und Mandel
BrookAssur;1;28.07.2017;Couscous Bratlinge
BrookAssur;1;29.07.2017;Granatapfelfeldsalat
BrookAssur;1;30.07.2017;Fusilli alla siciliana
BrookAssur;1;31.07.2017;Gazpacho Andaluz - mit Staudensellerie
BurtSkottle;1;01.08.2017;Haehnchensteaks auf Tomatenreis
BurtSkottle;1;02.08.2017;Paprikasuppe mit Curry-Haehnchenbrust
BurtSkottle;1;03.08.2017;New York Club Sandwich
BurtSkottle;1;04.08.2017;Carpaccio vom Rind
BurtSkottle;1;05.08.2017;Gefuellter Fenchel mit Raeucherlachs
BurtSkottle;1;06.08.2017;Joghurt - Bombe
CaleKelledy;1;18.06.2017;Gourmet-Schoko-Pudding
CaleKelledy;1;19.06.2017;Kaiserschmarrn
CaleKelledy;1;20.06.2017;Eiweissbrot
CaleKelledy;1;21.06.2017;Kuerbisbrot
CaleKelledy;1;22.06.2017;Naanbrot
CaleKelledy;1;23.06.2017;Spaetzle
CaleKelledy;1;24.06.2017;Bacon - Lamm mit  Baerlauchrisotto
CindaCurnokk;1;25.06.2017;Balsamico Huehnchen
CindaCurnokk;1;26.06.2017;Bolognese auf klassische Art
CindaCurnokk;1;27.06.2017;Brokkoli - Honig - Haehnchen
CindaCurnokk;1;28.06.2017;Brokkoli-Hackfleisch-Pfanne mit Ingwer und Mandel
CindaCurnokk;1;29.06.2017;Couscous Bratlinge
CindaCurnokk;1;30.06.2017;Granatapfelfeldsalat
CindaCurnokk;2;01.07.2017;Fusilli alla siciliana
CindaCurnokk;2;02.07.2017;Gazpacho Andaluz - mit Staudensellerie
CindaCurnokk;2;03.07.2017;Haehnchensteaks auf Tomatenreis
CindaCurnokk;2;04.07.2017;Paprikasuppe mit Curry-Haehnchenbrust
CindaCurnokk;2;05.07.2017;New York Club Sandwich
CindaCurnokk;2;06.07.2017;Carpaccio vom Rind
CooperKilvington;1;07.07.2017;Gefuellter Fenchel mit Raeucherlachs
CooperKilvington;1;08.07.2017;Joghurt - Bombe
CooperKilvington;1;09.07.2017;Gourmet-Schoko-Pudding
CooperKilvington;1;10.07.2017;Kaiserschmarrn
CooperKilvington;1;11.07.2017;Eiweissbrot
CooperKilvington;1;12.07.2017;Kuerbisbrot
CooperKilvington;2;13.07.2017;Naanbrot
CooperKilvington;2;14.07.2017;Spaetzle
CooperKilvington;2;15.07.2017;Bacon - Lamm mit  Baerlauchrisotto
CooperKilvington;2;16.07.2017;Balsamico Huehnchen
CooperKilvington;2;17.07.2017;Bolognese auf klassische Art
CooperKilvington;2;18.07.2017;Brokkoli - Honig - Haehnchen
CristalNelane;1;14.09.2017;Brokkoli-Hackfleisch-Pfanne mit Ingwer und Mandel
CristalNelane;1;15.09.2017;Couscous Bratlinge
CristalNelane;1;16.09.2017;Granatapfelfeldsalat
CristalNelane;1;17.09.2017;Fusilli alla siciliana
CristalNelane;1;18.09.2017;Gazpacho Andaluz - mit Staudensellerie
CristalNelane;1;19.09.2017;Haehnchensteaks auf Tomatenreis
DarbGater;1;20.09.2017;Paprikasuppe mit Curry-Haehnchenbrust
DarbGater;1;21.09.2017;New York Club Sandwich
DarbGater;1;22.09.2017;Carpaccio vom Rind
DarbGater;1;23.09.2017;Gefuellter Fenchel mit Raeucherlachs
DarbGater;1;24.09.2017;Joghurt - Bombe
DarbGater;1;25.09.2017;Gourmet-Schoko-Pudding
DarbGater;1;26.09.2017;Kaiserschmarrn
DeeDavidofski;1;27.09.2017;Eiweissbrot
DeeDavidofski;1;28.09.2017;Kuerbisbrot
DeeDavidofski;1;29.09.2017;Naanbrot
DeeDavidofski;1;30.09.2017;Spaetzle
DeeDavidofski;1;01.10.2017;Bacon - Lamm mit  Baerlauchrisotto
DeeDavidofski;1;02.10.2017;Balsamico Huehnchen
DeeDavidofski;1;03.10.2017;Bolognese auf klassische Art
DeeDavidofski;2;04.10.2017;Brokkoli - Honig - Haehnchen
DeeDavidofski;2;05.10.2017;Brokkoli-Hackfleisch-Pfanne mit Ingwer und Mandel
DeeDavidofski;2;06.10.2017;Couscous Bratlinge
DeeDavidofski;2;07.10.2017;Granatapfelfeldsalat
DeeDavidofski;2;08.10.2017;Fusilli alla siciliana
DeeDavidofski;2;09.10.2017;Gazpacho Andaluz - mit Staudensellerie
DougieSigne;1;10.10.2017;Haehnchensteaks auf Tomatenreis
DougieSigne;1;11.10.2017;Paprikasuppe mit Curry-Haehnchenbrust
DougieSigne;1;12.10.2017;New York Club Sandwich
DougieSigne;1;13.10.2017;Carpaccio vom Rind
DougieSigne;1;14.10.2017;Gefuellter Fenchel mit Raeucherlachs
DougieSigne;1;15.10.2017;Joghurt - Bombe
DougieSigne;2;16.10.2017;Gourmet-Schoko-Pudding
DougieSigne;2;17.10.2017;Kaiserschmarrn
DougieSigne;2;18.10.2017;Eiweissbrot
DougieSigne;2;19.10.2017;Kuerbisbrot
DougieSigne;2;20.10.2017;Naanbrot
DougieSigne;2;21.10.2017;Spaetzle
DougieSigne;2;22.10.2017;Bacon - Lamm mit  Baerlauchrisotto
DurOrmesher;1;23.10.2017;Balsamico Huehnchen
DurOrmesher;1;24.10.2017;Bolognese auf klassische Art
DurOrmesher;1;25.10.2017;Brokkoli - Honig - Haehnchen
DurOrmesher;1;26.10.2017;Brokkoli-Hackfleisch-Pfanne mit Ingwer und Mandel
DurOrmesher;1;27.10.2017;Couscous Bratlinge
DurOrmesher;1;28.10.2017;Granatapfelfeldsalat
DurOrmesher;1;29.10.2017;Fusilli alla siciliana
DurOrmesher;1;30.10.2017;Gazpacho Andaluz - mit Staudensellerie
EdMerriott;1;31.10.2017;Haehnchensteaks auf Tomatenreis
EdMerriott;1;01.11.2017;Paprikasuppe mit Curry-Haehnchenbrust
EdMerriott;1;02.11.2017;New York Club Sandwich
EdMerriott;1;03.11.2017;Carpaccio vom Rind
EdMerriott;1;04.11.2017;Gefuellter Fenchel mit Raeucherlachs
EdMerriott;1;05.11.2017;Joghurt - Bombe
EdMerriott;2;06.11.2017;Gourmet-Schoko-Pudding
EdMerriott;2;07.11.2017;Kaiserschmarrn
EdMerriott;2;08.11.2017;Eiweissbrot
EdMerriott;2;09.11.2017;Kuerbisbrot
EdMerriott;2;10.11.2017;Naanbrot
EdMerriott;2;11.11.2017;Spaetzle
ElvinWhitta;1;12.11.2017;Bacon - Lamm mit  Baerlauchrisotto
ElvinWhitta;1;13.11.2017;Balsamico Huehnchen
ElvinWhitta;1;14.11.2017;Bolognese auf klassische Art
ElvinWhitta;1;15.11.2017;Brokkoli - Honig - Haehnchen
ElvinWhitta;1;16.11.2017;Brokkoli-Hackfleisch-Pfanne mit Ingwer und Mandel
ElvinWhitta;1;17.11.2017;Couscous Bratlinge
EmmerichYearron;1;03.07.2017;Granatapfelfeldsalat
EmmerichYearron;1;04.07.2017;Fusilli alla siciliana
EmmerichYearron;1;05.07.2017;Gazpacho Andaluz - mit Staudensellerie
EmmerichYearron;1;06.07.2017;Haehnchensteaks auf Tomatenreis
EmmerichYearron;1;07.07.2017;Paprikasuppe mit Curry-Haehnchenbrust
EmmerichYearron;1;08.07.2017;New York Club Sandwich
EmmerichYearron;1;09.07.2017;Carpaccio vom Rind
EmmerichYearron;2;10.07.2017;Gefuellter Fenchel mit Raeucherlachs
EmmerichYearron;2;11.07.2017;Joghurt - Bombe
EmmerichYearron;2;12.07.2017;Gourmet-Schoko-Pudding
EmmerichYearron;2;13.07.2017;Kaiserschmarrn
EmmerichYearron;2;14.07.2017;Eiweissbrot
EmmerichYearron;2;15.07.2017;Kuerbisbrot
ErrickKnowller;1;16.07.2017;Naanbrot
ErrickKnowller;1;17.07.2017;Spaetzle
ErrickKnowller;1;18.07.2017;Bacon - Lamm mit  Baerlauchrisotto
ErrickKnowller;1;19.07.2017;Balsamico Huehnchen
ErrickKnowller;1;20.07.2017;Bolognese auf klassische Art
ErrickKnowller;1;21.07.2017;Brokkoli - Honig - Haehnchen
ErrickKnowller;1;22.07.2017;Brokkoli-Hackfleisch-Pfanne mit Ingwer und Mandel
ErrickKnowller;2;23.07.2017;Couscous Bratlinge
ErrickKnowller;2;24.07.2017;Granatapfelfeldsalat
ErrickKnowller;2;25.07.2017;Fusilli alla siciliana
ErrickKnowller;2;26.07.2017;Gazpacho Andaluz - mit Staudensellerie
ErrickKnowller;2;27.07.2017;Haehnchensteaks auf Tomatenreis
ErrickKnowller;2;28.07.2017;Paprikasuppe mit Curry-Haehnchenbrust
EveyGook;1;29.07.2017;New York Club Sandwich
EveyGook;1;30.07.2017;Carpaccio vom Rind
EveyGook;1;31.07.2017;Gefuellter Fenchel mit Raeucherlachs
EveyGook;1;01.08.2017;Joghurt - Bombe
EveyGook;1;02.08.2017;Gourmet-Schoko-Pudding
EveyGook;1;03.08.2017;Kaiserschmarrn
FarraMuddiman;1;04.08.2017;Eiweissbrot
FarraMuddiman;1;05.08.2017;Kuerbisbrot
FarraMuddiman;1;06.08.2017;Naanbrot
FarraMuddiman;1;07.08.2017;Spaetzle
FarraMuddiman;1;08.08.2017;Bacon - Lamm mit  Baerlauchrisotto
FarraMuddiman;1;09.08.2017;Balsamico Huehnchen
FergusBlance;1;10.08.2017;Bolognese auf klassische Art
FergusBlance;1;11.08.2017;Brokkoli - Honig - Haehnchen
FergusBlance;1;12.08.2017;Brokkoli-Hackfleisch-Pfanne mit Ingwer und Mandel
FergusBlance;1;13.08.2017;Couscous Bratlinge
FergusBlance;1;14.08.2017;Granatapfelfeldsalat
FergusBlance;1;15.08.2017;Fusilli alla siciliana
FlorriOrteau;1;16.08.2017;Gazpacho Andaluz - mit Staudensellerie
FlorriOrteau;1;17.08.2017;Haehnchensteaks auf Tomatenreis
FlorriOrteau;1;18.08.2017;Paprikasuppe mit Curry-Haehnchenbrust
FlorriOrteau;1;19.08.2017;New York Club Sandwich
FlorriOrteau;1;20.08.2017;Carpaccio vom Rind
FlorriOrteau;1;21.08.2017;Gefuellter Fenchel mit Raeucherlachs
FlorriOrteau;2;22.08.2017;Joghurt - Bombe
FlorriOrteau;2;23.08.2017;Gourmet-Schoko-Pudding
FlorriOrteau;2;24.08.2017;Kaiserschmarrn
FlorriOrteau;2;25.08.2017;Eiweissbrot
FlorriOrteau;2;26.08.2017;Kuerbisbrot
FlorriOrteau;2;27.08.2017;Naanbrot
FrankieAmar;1;28.08.2017;Spaetzle
FrankieAmar;1;29.08.2017;Bacon - Lamm mit  Baerlauchrisotto
FrankieAmar;1;30.08.2017;Balsamico Huehnchen
FrankieAmar;1;31.08.2017;Bolognese auf klassische Art
FrankieAmar;1;01.09.2017;Brokkoli - Honig - Haehnchen
FrankieAmar;1;02.09.2017;Brokkoli-Hackfleisch-Pfanne mit Ingwer und Mandel
FrankieAmar;1;03.09.2017;Couscous Bratlinge
GabyRevens;1;04.09.2017;Granatapfelfeldsalat
GabyRevens;1;05.09.2017;Fusilli alla siciliana
GabyRevens;1;06.09.2017;Gazpacho Andaluz - mit Staudensellerie
GabyRevens;1;07.09.2017;Haehnchensteaks auf Tomatenreis
GabyRevens;1;08.09.2017;Paprikasuppe mit Curry-Haehnchenbrust
GabyRevens;1;09.09.2017;New York Club Sandwich
GabyRevens;1;10.09.2017;Carpaccio vom Rind
GiovannaWade;1;01.07.2017;Gefuellter Fenchel mit Raeucherlachs
GiovannaWade;1;02.07.2017;Joghurt - Bombe
GiovannaWade;1;03.07.2017;Gourmet-Schoko-Pudding
GiovannaWade;1;04.07.2017;Kaiserschmarrn
GiovannaWade;1;05.07.2017;Eiweissbrot
GiovannaWade;1;06.07.2017;Kuerbisbrot
GustavoElcoux;1;07.07.2017;Naanbrot
GustavoElcoux;1;08.07.2017;Spaetzle
GustavoElcoux;1;09.07.2017;Bacon - Lamm mit  Baerlauchrisotto
GustavoElcoux;1;10.07.2017;Balsamico Huehnchen
GustavoElcoux;1;11.07.2017;Bolognese auf klassische Art
GustavoElcoux;1;12.07.2017;Brokkoli - Honig - Haehnchen
GustavoElcoux;1;13.07.2017;Brokkoli-Hackfleisch-Pfanne mit Ingwer und Mandel
HusainSalzen;1;14.07.2017;Couscous Bratlinge
HusainSalzen;1;15.07.2017;Granatapfelfeldsalat
HusainSalzen;1;16.07.2017;Fusilli alla siciliana
HusainSalzen;1;17.07.2017;Gazpacho Andaluz - mit Staudensellerie
HusainSalzen;1;18.07.2017;Haehnchensteaks auf Tomatenreis
IllaGerrell;1;19.07.2017;Paprikasuppe mit Curry-Haehnchenbrust
IllaGerrell;1;20.07.2017;New York Club Sandwich
IllaGerrell;1;21.07.2017;Carpaccio vom Rind
IllaGerrell;1;22.07.2017;Gefuellter Fenchel mit Raeucherlachs
IllaGerrell;1;23.07.2017;Joghurt - Bombe
IllaGerrell;1;24.07.2017;Gourmet-Schoko-Pudding
IllaGerrell;1;25.07.2017;Kaiserschmarrn
IlseSchulze;1;26.07.2017;Eiweissbrot
IlseSchulze;1;27.07.2017;Kuerbisbrot
IlseSchulze;1;28.07.2017;Naanbrot
IlseSchulze;1;29.07.2017;Spaetzle
IlseSchulze;1;30.07.2017;Bacon - Lamm mit  Baerlauchrisotto
IlseSchulze;1;31.07.2017;Balsamico Huehnchen
IlseSchulze;2;01.08.2017;Bolognese auf klassische Art
IlseSchulze;2;02.08.2017;Brokkoli - Honig - Haehnchen
IlseSchulze;2;03.08.2017;Brokkoli-Hackfleisch-Pfanne mit Ingwer und Mandel
IlseSchulze;2;04.08.2017;Couscous Bratlinge
IlseSchulze;2;05.08.2017;Granatapfelfeldsalat
IlseSchulze;2;06.08.2017;Fusilli alla siciliana
JacquelineBeinke;1;07.08.2017;Gazpacho Andaluz - mit Staudensellerie
JacquelineBeinke;1;08.08.2017;Haehnchensteaks auf Tomatenreis
JacquelineBeinke;1;09.08.2017;Paprikasuppe mit Curry-Haehnchenbrust
JacquelineBeinke;1;10.08.2017;New York Club Sandwich
JacquelineBeinke;1;11.08.2017;Carpaccio vom Rind
JacquelineBeinke;1;12.08.2017;Gefuellter Fenchel mit Raeucherlachs
JacquelineBeinke;2;13.08.2017;Joghurt - Bombe
JacquelineBeinke;2;14.08.2017;Gourmet-Schoko-Pudding
JacquelineBeinke;2;15.08.2017;Kaiserschmarrn
JacquelineBeinke;2;16.08.2017;Eiweissbrot
JacquelineBeinke;2;17.08.2017;Kuerbisbrot
JacquelineBeinke;2;18.08.2017;Naanbrot
JacquelineBeinke;2;19.08.2017;Spaetzle
JardReade;1;20.08.2017;Bacon - Lamm mit  Baerlauchrisotto
JardReade;1;21.08.2017;Balsamico Huehnchen
JardReade;1;22.08.2017;Bolognese auf klassische Art
JardReade;1;23.08.2017;Brokkoli - Honig - Haehnchen
JardReade;1;24.08.2017;Brokkoli-Hackfleisch-Pfanne mit Ingwer und Mandel
JardReade;1;25.08.2017;Couscous Bratlinge
JardReade;1;26.08.2017;Granatapfelfeldsalat
JoiceDevall;1;27.08.2017;Fusilli alla siciliana
JoiceDevall;1;28.08.2017;Gazpacho Andaluz - mit Staudensellerie
JoiceDevall;1;29.08.2017;Haehnchensteaks auf Tomatenreis
JoiceDevall;1;30.08.2017;Paprikasuppe mit Curry-Haehnchenbrust
JoiceDevall;1;31.08.2017;New York Club Sandwich
JoiceDevall;1;01.09.2017;Carpaccio vom Rind
JoiceDevall;1;02.09.2017;Gefuellter Fenchel mit Raeucherlachs
JoiceDevall;1;03.09.2017;Joghurt - Bombe
JoseeBelmont;1;05.07.2017;Gourmet-Schoko-Pudding
JoseeBelmont;1;06.07.2017;Kaiserschmarrn
JoseeBelmont;1;07.07.2017;Eiweissbrot
JoseeBelmont;1;08.07.2017;Kuerbisbrot
JoseeBelmont;1;09.07.2017;Naanbrot
KaliSavile;1;10.07.2017;Spaetzle
KaliSavile;1;11.07.2017;Bacon - Lamm mit  Baerlauchrisotto
KaliSavile;1;12.07.2017;Balsamico Huehnchen
KaliSavile;1;13.07.2017;Bolognese auf klassische Art
KaliSavile;1;14.07.2017;Brokkoli - Honig - Haehnchen
KaliSavile;1;15.07.2017;Brokkoli-Hackfleisch-Pfanne mit Ingwer und Mandel
KaliSavile;2;16.07.2017;Couscous Bratlinge
KaliSavile;2;17.07.2017;Granatapfelfeldsalat
KaliSavile;2;18.07.2017;Fusilli alla siciliana
KaliSavile;2;19.07.2017;Gazpacho Andaluz - mit Staudensellerie
KaliSavile;2;20.07.2017;Haehnchensteaks auf Tomatenreis
KaliSavile;2;21.07.2017;Paprikasuppe mit Curry-Haehnchenbrust
KaliSavile;2;22.07.2017;New York Club Sandwich
KathlinKleanthous;1;23.07.2017;Carpaccio vom Rind
KathlinKleanthous;1;24.07.2017;Gefuellter Fenchel mit Raeucherlachs
KathlinKleanthous;1;25.07.2017;Joghurt - Bombe
KathlinKleanthous;1;26.07.2017;Gourmet-Schoko-Pudding
KathlinKleanthous;1;27.07.2017;Kaiserschmarrn
KathlinKleanthous;1;28.07.2017;Eiweissbrot
KathlinKleanthous;2;29.07.2017;Kuerbisbrot
KathlinKleanthous;2;30.07.2017;Naanbrot
KathlinKleanthous;2;31.07.2017;Spaetzle
KathlinKleanthous;2;01.08.2017;Bacon - Lamm mit  Baerlauchrisotto
KathlinKleanthous;2;02.08.2017;Balsamico Huehnchen
KathlinKleanthous;2;03.08.2017;Bolognese auf klassische Art
KeenWroth;1;04.08.2017;Brokkoli - Honig - Haehnchen
KeenWroth;1;05.08.2017;Brokkoli-Hackfleisch-Pfanne mit Ingwer und Mandel
KeenWroth;1;06.08.2017;Couscous Bratlinge
KeenWroth;1;07.08.2017;Granatapfelfeldsalat
KeenWroth;1;08.08.2017;Fusilli alla siciliana
KeenWroth;1;09.08.2017;Gazpacho Andaluz - mit Staudensellerie
KeenWroth;2;10.08.2017;Haehnchensteaks auf Tomatenreis
KeenWroth;2;11.08.2017;Paprikasuppe mit Curry-Haehnchenbrust
KeenWroth;2;12.08.2017;New York Club Sandwich
KeenWroth;2;13.08.2017;Carpaccio vom Rind
KeenWroth;2;14.08.2017;Gefuellter Fenchel mit Raeucherlachs
KeenWroth;2;15.08.2017;Joghurt - Bombe
KorieWyllie;1;16.08.2017;Gourmet-Schoko-Pudding
KorieWyllie;1;17.08.2017;Kaiserschmarrn
KorieWyllie;1;18.08.2017;Eiweissbrot
KorieWyllie;1;19.08.2017;Kuerbisbrot
KorieWyllie;1;20.08.2017;Naanbrot
KorieWyllie;2;21.08.2017;Spaetzle
KorieWyllie;2;22.08.2017;Bacon - Lamm mit  Baerlauchrisotto
KorieWyllie;2;23.08.2017;Balsamico Huehnchen
KorieWyllie;2;24.08.2017;Bolognese auf klassische Art
KorieWyllie;2;25.08.2017;Brokkoli - Honig - Haehnchen
KorieWyllie;2;26.08.2017;Brokkoli-Hackfleisch-Pfanne mit Ingwer und Mandel
KorieWyllie;2;27.08.2017;Couscous Bratlinge
