userName;favouriteRecipe
AilisRenals;Bacon - Lamm mit  Baerlauchrisotto
AilisRenals;Bolognese auf klassische Art
AilisRenals;Brokkoli - Honig - Haehnchen
AlisanderGierck;Couscous Bratlinge
AlisanderGierck;Granatapfelfeldsalat
AlisanderGierck;Gazpacho Andaluz - mit Staudensellerie
AlisanderGierck;Carpaccio vom Rind
AlisanderGierck;Joghurt - Bombe
AlisanderGierck;Gourmet-Schoko-Pudding
AntonyWhatham;Carpaccio vom Rind
AnyaPhilbrook;Brokkoli-Hackfleisch-Pfanne mit Ingwer und Mandel
ArchambaultRosentholer;Eiweissbrot
ArdisPriest;Naanbrot
ArdisPriest;Spaetzle
ArdisPriest;Bacon - Lamm mit  Baerlauchrisotto
ArdisPriest;Bolognese auf klassische Art
ArdisPriest;Brokkoli-Hackfleisch-Pfanne mit Ingwer und Mandel
ArdisPriest;Fusilli alla siciliana
ArdisPriest;Haehnchensteaks auf Tomatenreis
ArdisPriest;Paprikasuppe mit Curry-Haehnchenbrust
ArdisPriest;New York Club Sandwich
AxeDanjoie;Carpaccio vom Rind
AxeDanjoie;Gefuellter Fenchel mit Raeucherlachs
AxeDanjoie;Joghurt - Bombe
AxeDanjoie;Kaiserschmarrn
AxeDanjoie;Kuerbisbrot
AxeDanjoie;Spaetzle
BaileyAnney;Kuerbisbrot
BettineTorpie;Joghurt - Bombe
BettineTorpie;Eiweissbrot
BettineTorpie;Kuerbisbrot
BettineTorpie;Spaetzle
BogeyAmesbury;Naanbrot
BogeyAmesbury;Brokkoli - Honig - Haehnchen
BrookAssur;Haehnchensteaks auf Tomatenreis
BurtSkottle;Gazpacho Andaluz - mit Staudensellerie
CaleKelledy;Gourmet-Schoko-Pudding
CaleKelledy;Kaiserschmarrn
CaleKelledy;Naanbrot
CaleKelledy;Spaetzle
CaleKelledy;Bolognese auf klassische Art
CindaCurnokk;Gourmet-Schoko-Pudding
CindaCurnokk;Kaiserschmarrn
CindaCurnokk;Eiweissbrot
CindaCurnokk;Kuerbisbrot
CindaCurnokk;Spaetzle
CindaCurnokk;Bacon - Lamm mit  Baerlauchrisotto
CooperKilvington;Brokkoli - Honig - Haehnchen
CooperKilvington;Granatapfelfeldsalat
CooperKilvington;Gazpacho Andaluz - mit Staudensellerie
CooperKilvington;Haehnchensteaks auf Tomatenreis
CooperKilvington;Carpaccio vom Rind
CristalNelane;Gefuellter Fenchel mit Raeucherlachs
CristalNelane;Joghurt - Bombe
CristalNelane;Gourmet-Schoko-Pudding
CristalNelane;Kaiserschmarrn
CristalNelane;Naanbrot
CristalNelane;Spaetzle
CristalNelane;Bacon - Lamm mit  Baerlauchrisotto
DarbGater;Brokkoli - Honig - Haehnchen
DeeDavidofski;Couscous Bratlinge
DeeDavidofski;Fusilli alla siciliana
DeeDavidofski;Gazpacho Andaluz - mit Staudensellerie
DeeDavidofski;Haehnchensteaks auf Tomatenreis
DeeDavidofski;New York Club Sandwich
DeeDavidofski;Carpaccio vom Rind
DougieSigne;Gazpacho Andaluz - mit Staudensellerie
DougieSigne;Haehnchensteaks auf Tomatenreis
DougieSigne;New York Club Sandwich
DougieSigne;Carpaccio vom Rind
DougieSigne;Gefuellter Fenchel mit Raeucherlachs
DurOrmesher;Fusilli alla siciliana
DurOrmesher;Paprikasuppe mit Curry-Haehnchenbrust
DurOrmesher;Gefuellter Fenchel mit Raeucherlachs
EdMerriott;Kuerbisbrot
EdMerriott;Naanbrot
EdMerriott;Balsamico Huehnchen
EdMerriott;Brokkoli-Hackfleisch-Pfanne mit Ingwer und Mandel
ElvinWhitta;Gourmet-Schoko-Pudding
EmmerichYearron;Brokkoli-Hackfleisch-Pfanne mit Ingwer und Mandel
EmmerichYearron;Fusilli alla siciliana
EmmerichYearron;Gazpacho Andaluz - mit Staudensellerie
EmmerichYearron;Haehnchensteaks auf Tomatenreis
ErrickKnowller;Carpaccio vom Rind
ErrickKnowller;Gourmet-Schoko-Pudding
ErrickKnowller;Kaiserschmarrn
EveyGook;Couscous Bratlinge
FarraMuddiman;Granatapfelfeldsalat
FarraMuddiman;Fusilli alla siciliana
FarraMuddiman;Gazpacho Andaluz - mit Staudensellerie
FarraMuddiman;New York Club Sandwich
FarraMuddiman;Carpaccio vom Rind
FarraMuddiman;Gefuellter Fenchel mit Raeucherlachs
FarraMuddiman;Joghurt - Bombe
FergusBlance;Kaiserschmarrn
FergusBlance;Bacon - Lamm mit  Baerlauchrisotto
FergusBlance;Balsamico Huehnchen
FergusBlance;Bolognese auf klassische Art
FlorriOrteau;Granatapfelfeldsalat
FlorriOrteau;Fusilli alla siciliana
FlorriOrteau;New York Club Sandwich
FrankieAmar;Bolognese auf klassische Art
GabyRevens;Balsamico Huehnchen
GiovannaWade;Paprikasuppe mit Curry-Haehnchenbrust
GiovannaWade;Carpaccio vom Rind
GiovannaWade;Gefuellter Fenchel mit Raeucherlachs
GiovannaWade;Eiweissbrot
GustavoElcoux;Balsamico Huehnchen
HusainSalzen;Paprikasuppe mit Curry-Haehnchenbrust
IllaGerrell;Kaiserschmarrn
IllaGerrell;Naanbrot
IllaGerrell;Balsamico Huehnchen
IllaGerrell;Brokkoli-Hackfleisch-Pfanne mit Ingwer und Mandel
IlseSchulze;Haehnchensteaks auf Tomatenreis
IlseSchulze;New York Club Sandwich
IlseSchulze;Gourmet-Schoko-Pudding
IlseSchulze;Kaiserschmarrn
IlseSchulze;Naanbrot
JacquelineBeinke;Gazpacho Andaluz - mit Staudensellerie
JacquelineBeinke;Kuerbisbrot
JardReade;Couscous Bratlinge
JoiceDevall;Kuerbisbrot
JoseeBelmont;Fusilli alla siciliana
KaliSavile;Fusilli alla siciliana
KaliSavile;Gazpacho Andaluz - mit Staudensellerie
KaliSavile;Haehnchensteaks auf Tomatenreis
KaliSavile;Paprikasuppe mit Curry-Haehnchenbrust
KaliSavile;New York Club Sandwich
KaliSavile;Carpaccio vom Rind
KaliSavile;Gefuellter Fenchel mit Raeucherlachs
KathlinKleanthous;Brokkoli - Honig - Haehnchen
KathlinKleanthous;Fusilli alla siciliana
KathlinKleanthous;Haehnchensteaks auf Tomatenreis
KeenWroth;Kuerbisbrot
KeenWroth;Naanbrot
KeenWroth;Balsamico Huehnchen
KeenWroth;Brokkoli - Honig - Haehnchen
KorieWyllie;Carpaccio vom Rind
KorieWyllie;Naanbrot
LibbyCarden;Kaiserschmarrn
LibbyCarden;Eiweissbrot
LibbyCarden;Spaetzle
LibbyCarden;Bacon - Lamm mit  Baerlauchrisotto
LibbyCarden;Bolognese auf klassische Art
LolaFearfull;Brokkoli - Honig - Haehnchen
MabDillingston;Granatapfelfeldsalat
MabDillingston;Haehnchensteaks auf Tomatenreis
MabDillingston;Paprikasuppe mit Curry-Haehnchenbrust
MabDillingston;Carpaccio vom Rind
MahalaHenstone;Joghurt - Bombe
MahalaHenstone;Kaiserschmarrn
MahalaHenstone;Bacon - Lamm mit  Baerlauchrisotto
MahalaHenstone;Balsamico Huehnchen
MasonPettecrew;Haehnchensteaks auf Tomatenreis
MasonPettecrew;Paprikasuppe mit Curry-Haehnchenbrust
MasonPettecrew;Kuerbisbrot
MervinMatuszynski;Balsamico Huehnchen
MervinMatuszynski;Brokkoli - Honig - Haehnchen
MervinMatuszynski;Brokkoli-Hackfleisch-Pfanne mit Ingwer und Mandel
MervinMatuszynski;Gazpacho Andaluz - mit Staudensellerie
MervinMatuszynski;Haehnchensteaks auf Tomatenreis
MicahNeeves;Gourmet-Schoko-Pudding
MicahNeeves;Eiweissbrot
MikaelaVerecker;Fusilli alla siciliana
MiofmelaBurcher;Fusilli alla siciliana
MiofmelaBurcher;Haehnchensteaks auf Tomatenreis
MiofmelaBurcher;Gefuellter Fenchel mit Raeucherlachs
MurdochVallantine;Kuerbisbrot
NobyChittem;Spaetzle
OliviaGotfrey;Couscous Bratlinge
OliviaGotfrey;Fusilli alla siciliana
OliviaGotfrey;Haehnchensteaks auf Tomatenreis
OliviaGotfrey;Carpaccio vom Rind
OliviaGotfrey;Joghurt - Bombe
OneidaDavern;Balsamico Huehnchen
OneidaDavern;Bolognese auf klassische Art
OthilieFreeborne;Paprikasuppe mit Curry-Haehnchenbrust
PansyYarrall;Bolognese auf klassische Art
PernellAskell;Naanbrot
PernellAskell;Brokkoli - Honig - Haehnchen
PernellAskell;Granatapfelfeldsalat
PernellAskell;Fusilli alla siciliana
QuinlanTollerton;Bacon - Lamm mit  Baerlauchrisotto
RagnarKillingback;Granatapfelfeldsalat
RagnarKillingback;Fusilli alla siciliana
RagnarKillingback;Haehnchensteaks auf Tomatenreis
RagnarKillingback;Gefuellter Fenchel mit Raeucherlachs
RagnarKillingback;Joghurt - Bombe
RagnarKillingback;Gourmet-Schoko-Pudding
RagnarKillingback;Eiweissbrot
RagnarKillingback;Naanbrot
RahelJantet;Bacon - Lamm mit  Baerlauchrisotto
RahelJantet;Balsamico Huehnchen
RahelJantet;Brokkoli - Honig - Haehnchen
RahelJantet;Couscous Bratlinge
RahelJantet;Haehnchensteaks auf Tomatenreis
RaimundPaolazzi;Brokkoli-Hackfleisch-Pfanne mit Ingwer und Mandel
RamCalton;Couscous Bratlinge
RamCalton;Gazpacho Andaluz - mit Staudensellerie
RamCalton;New York Club Sandwich
RamCalton;Carpaccio vom Rind
ReeseGwinn;Balsamico Huehnchen
ReeseGwinn;Bolognese auf klassische Art
ReeseGwinn;Brokkoli - Honig - Haehnchen
ReeseGwinn;Fusilli alla siciliana
ReeseGwinn;Haehnchensteaks auf Tomatenreis
ReeseGwinn;Paprikasuppe mit Curry-Haehnchenbrust
SachaMorad;Naanbrot
SachaMorad;Spaetzle
SachaMorad;Bolognese auf klassische Art
ShermanTinkham;Gourmet-Schoko-Pudding
ShermanTinkham;Kaiserschmarrn
SopheyRollings;Gourmet-Schoko-Pudding
SopheyRollings;Kuerbisbrot
SopheyRollings;Spaetzle
SopheyRollings;Bacon - Lamm mit  Baerlauchrisotto
SullyAlbrook;New York Club Sandwich
SusetteGlowacki;Brokkoli-Hackfleisch-Pfanne mit Ingwer und Mandel
SusetteGlowacki;Couscous Bratlinge
SusetteGlowacki;Granatapfelfeldsalat
SusetteGlowacki;Gazpacho Andaluz - mit Staudensellerie
TandyFealy;Brokkoli - Honig - Haehnchen
TandyFealy;Brokkoli-Hackfleisch-Pfanne mit Ingwer und Mandel
TandyFealy;Gazpacho Andaluz - mit Staudensellerie
TandyFealy;Haehnchensteaks auf Tomatenreis
TandyFealy;Carpaccio vom Rind
TheresitaWigg;Eiweissbrot
TheresitaWigg;Kuerbisbrot
TheresitaWigg;Bolognese auf klassische Art
TownLeamon;Joghurt - Bombe
TristanCharteris;Bolognese auf klassische Art
TristanCharteris;Granatapfelfeldsalat
TristanCharteris;Fusilli alla siciliana
ValentinaOLyhane;Joghurt - Bombe
WardeDensey;Brokkoli-Hackfleisch-Pfanne mit Ingwer und Mandel
WinfieldBadsworth;Joghurt - Bombe
WinfieldBadsworth;Gourmet-Schoko-Pudding
WinfieldBadsworth;Kaiserschmarrn
WinfieldBadsworth;Kuerbisbrot
WinnifredKoeppke;Fusilli alla siciliana
WinnifredKoeppke;New York Club Sandwich
