userName;userEmail;userPassword;enabled
OneidaDavern;odavern2@ibm.com;7aad39898325df43dd7169c813034b640c9a5f0c2cc03e86f1fd54d264d4a9b1;false
DarbGater;dgater6@columbia.edu;e25033e23916d42a71d77c61cd5694ac9ec6a810876639c8e72e5dedd1349e9e;false
BenjyRittelmeyer;brittelmeyera@ehow.com;bfe89bdbd075487e39b15f155236ca0b644a0571eeb34117832d1d24c7ab57ea;false
MabDillingston;mdillingstonc@hud.gov;6ecb71d009420ea82c7440276af342c27ac8c094a198c08d777ec06960e807fa;false
ArtieClac;aclace@pinterest.com;31eaba997b999be354bfc2bb5f3098950b1c09ab2366a4d9d6a5d22d60bec81b;false
ShaniePidwell;spidwellg@disqus.com;a730365a926c5d291622b448cd1d7321d494b16e8bdf552d0762eb9a99356d35;false
ArchambaultRosentholer;arosentholerh@about.com;22e1c87d79f2db1d23ade7e546b27c795d3c84b9a541a95986a7b99a95e4cf64;false
ArdisPriest;apriestl@ustream.tv;7a22bc03b17372d5a4fd9f12012a5bf23145fa04d2cf55c881c5e9f582319938;false
CristalNelane;cnelaneo@ustream.tv;a744ede6e8c42e61b5ecdf77853cfc1a9db6a77b904a4046b749d5c1d2057172;false
KimmiWemes;kwemess@wordpress.com;37cbfebd21174cd78ccc1d9740e1311227f39da69b791297e52fcb1c5cd3220a;false
RagnarKillingback;rkillingbackt@shop-pro.jp;d249338419d4062cd1c4c40b32a5fe6b76dc80fe56f6282866e885b159d420ee;false
LolaFearfull;lfearfullv@blogger.com;85991d5901d2f91082ffefb57d7fdd09a76bf195bb9d5eda9c7b75f0d9cd99e8;false
AdianaDonneely;adonneelyw@etsy.com;499ed278c66e3280eefe9c575d013de733bccdc82c0f786055043f22f25bf4ac;false
DeeDavidofski;ddavidofskiz@ezinearticles.com;bf5069b4cc1e8b40dc56ea79a18ae312a153884894bc7dc162f6bfd7be6120f5;false
NobyChittem;nchittem11@parallels.com;2cde41ece5967762f059d21c346bc9721f46564c6942a0762e34efdc1877a257;false
AilisRenals;arenals12@seattletimes.com;2b9273da461a0a918553496af15ec5eb72435d4ee92a56dec07605864bab2682;false
DanielDuplock;dduplock13@seattletimes.com;0b6a63ef2b6bafc176b833006a383aa8b74b76ed209ac60c31e26f8a1af8de98;false
ArdeliaPerl;aperl14@timesonline.co.uk;41cdfa09b7ccef46babaea95ba428b0c59b31ee47312c625687846341a77a18a;false
MelisentTran;mtran16@reuters.com;e4b0061c4a54ec3d89e22e08c36f2556272abf483ca858cc26aa2a85b0f12d3b;false
JoiceDevall;jdevall18@opera.com;9f1204bd0336c31bfebf76625803f8e6e5d09456bb05b94501d9089856e970e6;false
FrankieAmar;famar19@ow.ly;7107080e2b4d7ab874253f71765cadc4a61fe5a8eb18d08e38ccd33d94b46eac;false
PaxonHultberg;phultberg1a@nature.com;a13bcaa194727b7e5542dc8ef42b7453fc77808cf2e2ae932485b829930046e6;false
KennanMeigh;kmeigh1c@ftc.gov;790718fa94c2a8e8ea6c1b59fe78940c0bb670ef8e27717409ae13bf11db38c5;false
EveyGook;egook1f@seattletimes.com;cc398eeb429347bb4c47528c674da9426cdb864ec52620981cc3690d13a0fd5e;false
DougieSigne;dsigne1g@rakuten.co.jp;7b334b3eaaad51d6721f3c01a5a4889f881a8e4672e82828038ade0aa47e744a;true
KeenWroth;kwroth1h@answers.com;0ca88311a2eee588a5fd78fd57c7fa7f2120cc4b651e855efbd0dd25e7095d14;true
DottiDennant;ddennant1i@google.com;b0856e3a7f25d8e332f12eafd159d8624365fcfb17931491d4c559ac9a21c300;true
MasonPettecrew;mpettecrew1j@privacy.gov.au;cc40edf2499fb1d150e40c928c935818ac22637614b1c9502ff29fc86eed6971;true
TristanCharteris;tcharteris1l@independent.co.uk;7bad6f663cdfeb5b52dd85cbd00c502af2f151042e3b4472aad3adfd16d69e45;true
AntonyWhatham;awhatham1n@mac.com;31a7aded39b14c58fc4ab4d003629969e63c4fe94a5f6c1f7c16369386443a8a;true
SachaMorad;smorad1o@usnews.com;8e06459c9eec7745f57ee557c8b94e30b88d1279602a06462d7aa49322752bb4;true
RaimundPaolazzi;rpaolazzi1p@geocities.jp;294baf332c321b14dfecf5a1a24482d06e69174f78a0ca844d883a5af0ff11c7;true
JardReade;jreade1s@dion.ne.jp;600d011992e82b78c4697c24a0b9e73b55fc6cc2472893b1cbea0e671ee5b9b1;true
FlorriOrteau;forteau1u@wisc.edu;3eabeb0db040a657c612f3753c9dff9b6c25a023b6894ae7b32ca5acf87a48c1;true
IllaGerrell;igerrell1v@quantcast.com;8adbe06502f49954991cae98cb08b52b0be6e991f68184811566af128f35d619;true
AmabelleChicchelli;achicchelli1w@1688.com;6aed49e49cc9521f929c573ddcc0b827c03d2e02e309ba03c7dc49dbfbe10928;true
KaliSavile;ksavile1x@npr.org;f0b3f655f18a39901806ad8b30d9642aa2b73336c4ff07b13d5567e6f183d124;true
JourdainFend;jfend1y@paypal.com;ddb82eafc14c1bfe1079f46b8a3c02521a451d6e572e2af6eb388deec9f38f15;true
DelilaSenner;dsenner24@dmoz.org;82f21056fadb21e31cd9bce5d3ac42298af854bd13513f05a59b5f7f5fbff93a;true
LibbyCarden;lcarden25@zimbio.com;456fe3249378f090da269e3878708bb81b31331e089f69602c9aeccd64cd511a;true
DaronTrassler;dtrassler27@cyberchimps.com;d12932fbad6fd28f4c1b6882e13762ae4012cdc819ee6a938f22f291c889666e;true
OliviaGotfrey;ogotfrey28@paypal.com;cd72a2fd9fa407ce44c1e2d4a1bdb1e984b21aaa08ed5c9b3652aafe421c4885;true
CaleKelledy;ckelledy2e@geocities.jp;323ff36176c9b53d4d2006f37e3e4ac20a710cc93625f32084a4422a002555d7;true
EmmerichYearron;eyearron2h@salon.com;ec247b770e18526614bd28defb194230d05019a33832d6c0508ca5cb4502d3d5;true
SullyAlbrook;salbrook2j@google.it;0842ad853f3dc7d8a1d275aa626511abcf39fbce8718da47fb8225de7c8fe6cd;true
KorieWyllie;kwyllie2m@godaddy.com;cb0d904311cc1478fbb49d1a6699ec09ccabe2d441a435bf59d38b7a864e1246;true
TobeyDeFraine;tdefraine2q@goodreads.com;58ca29f52c502aca448a840256892cae7cee9fc7d323dc1dd33d62afe8b6663e;true
ReeseGwinn;rgwinn2t@angelfire.com;255e904bfeb3b71b7fc7c538d545b4cb137f9730990ab756216aa463c9e73d6d;true
KingAllanby;kallanby2u@cyberchimps.com;676c8b89d500727d7e0531523a51460e94952ca852f6b3166a814cbee26977c4;true
CindaCurnokk;ccurnokk2v@epa.gov;7016b7ada07c7064b8782bc8b7962b5b94066409014f6fe29f9c344e021916a2;true
WardeDensey;wdensey2w@msn.com;f9f32eb8211a8af8256b737b1aebfb8f76059389c5375c45172162a26e54b265;true
GiovannaWade;gwade31@nhs.uk;f5b87d8da83ce12597cea0e1cb06f19cb1e90122ffde439fcbae1431e12cbb6e;true
BogeyAmesbury;bamesbury35@samsung.com;3017aa360fcc26ee85527234416dea422cf8c4538501d89687fb9b8e3ff05c81;true
EmmottKummerlowe;ekummerlowe36@boston.com;6110190832082681b55ddbfd67309f008869b00cb9c1b094c68bfc119d7a9c69;true
MikaelaVerecker;mverecker37@phpbb.com;80ba31121caba55471936db236705188d7196355eb70291ee03f5310a47b3a94;true
JacquelineBeinke;jbeinke39@nbcnews.com;fd20ddc338f9fff4091dfc987cb978bb848dc9e64ad6ab1c012129f27dd3b31f;true
YumaLansly;ylansly3b@alibaba.com;948c79d19d99e0994e1df07967071812ef3c69625a8ffa29cbb35dec7608b653;true
SusetteGlowacki;sglowacki0@soup.io;f8f02029ec6deecac3a5840e7bfc906f358edfdd7da1284a287b011d756f8a1a;true
NatalyaHaggett;nhaggett1@umn.edu;df68f136e144fccf61c41fbf859cddc4ab8da111191b66931ecd40d013895ff3;true
ErrickKnowller;eknowller3@yandex.ru;ea1be8c6447217f1d25ba3ca88c84dc31dc6a64417a6109f53a804b7d81aca88;true
CarolanStrotton;cstrotton4@tinypic.com;88e84e4b61a6cd47735d77d42794a8820da6cc4794fa84506822837f53a6dc64;true
MervinMatuszynski;mmatuszynski5@mail.ru;10e886b767bbd21c0c336c986cd732076735a39a1fdcd6dddf4c5487669c9ffa;true
IrwinnFalkner;ifalkner7@gizmodo.com;bf6c3fba8dcf15cf8a2731699fa1e4f2afa4b8a131cc2a49ab669f14a9c998ee;true
AxeDanjoie;adanjoie8@nhs.uk;80f7cde5885e1272fe1462acafc88b149dc6a5cc91b9619f936ea0d4c63dfb78;true
PansyYarrall;pyarrall9@symantec.com;a2502830301bfc5f8530b8b4a39126c397cacc50daf1e1d512ce85dc994daaef;true
KathlinKleanthous;kkleanthousb@163.com;862c1cd449bc9c9abe1b8cafb444a27db0ce60dc5741ce7aa08b6688b334998c;true
ReinaldosLudvigsen;rludvigsend@over-blog.com;822fa8a326c5ac6699adf76fc81d1a41a695d70b2978d3c884b7ac621aaac627;true
BettineTorpie;btorpief@fc2.com;cb0e7bbec4a9627489b5ca207d76be8f41d8078a3ec6ec9349e69718072c0cdb;true
SariDoale;sdoalei@pcworld.com;3a87cb1ba010ca767580c85178abeee17e2d73f69b832127d5c9890c181ed0c3;true
WinnifredKoeppke;wkoeppkej@addtoany.com;12e55bf30d41aed9794280fc6979c2b30935a92da83c973204ec35b92bd14b55;true
SigismundoKingman;skingmank@quantcast.com;517b0a5505fefba71c2fd074a2b84f69e540bb73fec412aed0c8728a7072caf8;true
TheresitaWigg;twiggm@time.com;a1c84f0aea9ac1610dde03a0241db174739fef8c27a80bdbb6b8943edb2c3916;true
CooperKilvington;ckilvingtonn@jugem.jp;7369f7d4ea4502068121752f9d2d8f7964ec0f38cae741c6e84bd0376e6872e0;true
WynGurrado;wgurradop@tinyurl.com;a1f5040b7afa71515a4323c66089efb00842c3dfe90b3a5ae5a683b17fb33f7a;true
SopheyRollings;srollingsq@hibu.com;3fa7cbb3ca49df27b3bbd9023ad03fddc65e47238113158b26715fddeeb3a93e;true
ElianoraJerrom;ejerromr@wix.com;9fe240a592608e0ed1de9ff14fb77353a8774edae64498f9cc3d35effe322169;true
RamCalton;rcaltonu@bloomberg.com;23f409ccca9ca677a1c54d9a98a21acb986b5ea24cc31bd4ce3567759aac5386;true
ValentinaOLyhane;volyhanex@example.com;95ef107547aa35af1ab12c9ab29659e2402cceff959a5a60b48e1dee208368d9;true
ElvinWhitta;ewhittay@pbs.org;2994fffbdab5d3d16c79fdcc726c3a3b2c34da94609fc5cf53f47247777ad035;true
WaringBorton;wborton10@biglobe.ne.jp;47c91335b360f3540c1e0067a4d33940d18bab3de5a3c3f553ead2db08c85e09;true
ZebYakovlev;zyakovlev15@de.vu;0f2ae2bfee16a78a75b33f2809d77ffdc2a9ea1d621dcbff971d0b3d32518a75;true
MurdochVallantine;mvallantine17@scribd.com;2074a36b0a37c2b6fb496269770557f90a07970257636a7e464901327b540c5f;true
RahelJantet;rjantet1b@elegantthemes.com;b670e419592ebd1af233e860c2f743f71d7413e0c2e66a01cd52b1ab0635bef1;true
HusainSalzen;hsalzen1d@devhub.com;a3c2ff8ea06bdae1457140f285c626d2b56e0e63aa092f0aca3d2d6ea379c13d;true
WinfieldBadsworth;wbadsworth1e@upenn.edu;bde1401f0a873dc6de504e39efb0246f5dc0aa3742101169643497a4772a27d1;true
KerianneLaurenty;klaurenty1k@admin.ch;92a32cd2fc3a9fec723323f5ca8392bb51a4b746c872ef436ee854f045c095b9;true
CarylHalford;chalford1m@hatena.ne.jp;f5e188543adf608a40cd93e7e38258864dd1b58d27aef6b81648bf52a3a1c12c;true
OberonLimb;olimb1q@tiny.cc;567ec797418dc432263ba3221c80a329afb15117cebeb3084e7602a468e9f9b1;true
DurOrmesher;dormesher1r@howstuffworks.com;3d6342176a3a429cc02b8c1137a21a84469978870770be072647258f459fa072;true
ImojeanMcDonell;imcdonell1t@edublogs.org;8cc09004901d10b2278c9528a350ef66a1f4becdfacfdb13457769718bcb3917;true
EdMerriott;emerriott1z@zimbio.com;889c45cbf1772d6f2763b30f0fa241657f66e86d674cd710b7fa095b04912f4d;true
BurtSkottle;bskottle20@nationalgeographic.com;627ebb97230c3463d1856a24e67df4be23e1b823ae03445bb1731e8c11b1a279;true
IlseSchulze;ischulze21@skyrock.com;b85dbec87e5e814cacdf65fcfde53286586417765bf0dd2dcc5ba922037b54c6;true
FleurSkowcraft;fskowcraft22@mysql.com;dab37330bd4b1c5175dddc3f326d37a05b865064fd7955fa0eba8e9260869d43;true
QuinlanTollerton;qtollerton23@elegantthemes.com;45e6b5dee3a3072d9dd7884fd0bfd131d5ebd72b640e59299415b04cccc9f615;true
AlisanderGierck;agierck26@newsvine.com;d5d46ff20db56702f54198152219d2dd09ed983a9d0c94aea3cb0ce1b74c0b00;true
AlonzoKas;akas29@census.gov;5b8178928ef8c951fd92ed3ddc0f2e29973ce48e5c2ee883b636e0696b43cdd0;true
BaileyAnney;banney2a@independent.co.uk;1a5546141ef8fb45e3c7ddb7c46b1fba480305a9f51352ebceb2282c170bd428;true
PernellAskell;paskell2b@economist.com;441ed2b7dbee1d7a48afb7f6e29fe769844de3b451b1fdfaff9b802f79e83121;true
BrookAssur;bassur2c@redcross.org;89007587b4dd818c1c5872e8d37192578c6bcf374760a27f0dba28c4ec976f45;true
OthilieFreeborne;ofreeborne2d@smh.com.au;62ab639b5bfc51aa70c2e6783d6e2e707ea648c517eae20405dbd13bb11f341a;true
ShermanTinkham;stinkham2f@booking.com;47e99e0d2d182c535ed5c32b5abc8de4914a44ef2220443e6f1dc49f2f42ff88;true
GustavoElcoux;gelcoux2g@spotify.com;79a51a6bd3bcd1b7469ee0cc3db9ac1818cde466f0f860a2073a77eaf82f16eb;true
TandyFealy;tfealy2i@i2i.jp;f863babfbf9b8165b07562142edb06bcb0f982b7e4c2a3166178b24a9976ec68;true
EleniCromer;ecromer2k@technorati.com;3053bbd1d5abc32e4e639fe33ecfffa8794e4def967b55e29fef034b2a3138c9;true
MahalaHenstone;mhenstone2l@mtv.com;cb7b870b0019fe63671dcf56fd59636ec77e9fe5f045d169ad12e55c637dc552;true
SandyMatteucci;smatteucci2n@hc360.com;83585c91c3205f4ce262da86a22c84355bef30e3e998c891cd930ca17c7f0ad7;true
WesleyAlderson;walderson2o@sohu.com;482c78a3838837ad7b5e7d82e6aba561865615ed85de3047ec4a57abfc7f350d;true
FarraMuddiman;fmuddiman2p@hp.com;5469ae7b7a057a9e1db112d68fcb97cbcf1363b9f6e8ab843d269bb20b325fb6;true
MargitDoxey;mdoxey2r@google.co.uk;bb04b2b67590e41176020e34744775d69e61522c6eac0def1106a5c3546c13a2;true
FergusBlance;fblance2s@timesonline.co.uk;b27c35563d98d7f16760506ce1488bcb5ce688bfa42eec09d80c7d4df4b0567a;true
MurialLamyman;mlamyman2x@slate.com;de0f012df902239ec39b261fc81ac67d25b4bb6ee32202d36afb03c48e6f66d1;true
CybCallen;ccallen2y@sogou.com;77a8647671791ce82f3164e59111c399a771f30e2cac70278960102042a90c9a;true
Miof melaBurcher;mburcher2z@zimbio.com;cb1ae411ed7e7856c3d9dc03d7290501feb2090c7e235e78ce93f63de6eddb0f;true
TownLeamon;tleamon30@bbc.co.uk;6b52d19acf9dc3814e5d8c14b1abb20b96161061f059cdec9cfb94d9863e2155;true
MicahNeeves;mneeves32@mit.edu;0e95b001f415b8b6bf13a3482333ecd6f46b2f59c837c751b269e3b7103c358f;true
GabyRevens;grevens33@cnbc.com;0bba138d8d9d1d820c6176fbd66c61d62b5058a09f97a3eb63cfd87a4b8eb1a7;true
AnyaPhilbrook;aphilbrook34@springer.com;b5b78eda0eadae800e6db035c8286a270a1ad158116f20eea26417c4c40a3714;true
RosVonHelmholtz;rvonhelmholtz38@nih.gov;7e7e817d34cba5dad5b681985240c7aaf3fd8cf0542379d89c4f7101e23059e4;true
JoseeBelmont;jbelmont3a@blogger.com;49d5f5abf794ff17cd981f045b8488211cdfb7fc030545706f715e7561ddb98e;true
