userNameOne;userNameTwo
OneidaDavern;AilisRenals
DarbGater;AilisRenals
BenjyRittelmeyer;AilisRenals
MabDillingston;AlisanderGierck
ArtieClac;AlisanderGierck
ShaniePidwell;AlisanderGierck
ArchambaultRosentholer;AlisanderGierck
ArdisPriest;AlisanderGierck
CristalNelane;AlisanderGierck
KimmiWemes;AntonyWhatham
RagnarKillingback;AnyaPhilbrook
LolaFearfull;ArchambaultRosentholer
AdianaDonneely;ArdisPriest
DeeDavidofski;ArdisPriest
NobyChittem;ArdisPriest
AilisRenals;ArdisPriest
DanielDuplock;ArdisPriest
ArdeliaPerl;ArdisPriest
MelisentTran;ArdisPriest
JoiceDevall;ArdisPriest
FrankieAmar;ArdisPriest
PaxonHultberg;AxeDanjoie
KennanMeigh;AxeDanjoie
EveyGook;AxeDanjoie
DougieSigne;AxeDanjoie
KeenWroth;AxeDanjoie
DottiDennant;AxeDanjoie
MasonPettecrew;BaileyAnney
TristanCharteris;BettineTorpie
AntonyWhatham;BettineTorpie
SachaMorad;BettineTorpie
RaimundPaolazzi;BettineTorpie
JardReade;BogeyAmesbury
FlorriOrteau;BogeyAmesbury
IllaGerrell;BrookAssur
AmabelleChicchelli;BurtSkottle
KaliSavile;CaleKelledy
JourdainFend;CaleKelledy
DelilaSenner;CaleKelledy
LibbyCarden;CaleKelledy
DaronTrassler;CaleKelledy
OliviaGotfrey;CindaCurnokk
CaleKelledy;CindaCurnokk
EmmerichYearron;CindaCurnokk
SullyAlbrook;CindaCurnokk
KorieWyllie;CindaCurnokk
TobeyDeFraine;CindaCurnokk
ReeseGwinn;CooperKilvington
KingAllanby;CooperKilvington
CindaCurnokk;CooperKilvington
WardeDensey;CooperKilvington
GiovannaWade;CooperKilvington
BogeyAmesbury;CristalNelane
EmmottKummerlowe;CristalNelane
MikaelaVerecker;CristalNelane
JacquelineBeinke;CristalNelane
YumaLansly;CristalNelane
SusetteGlowacki;CristalNelane
NatalyaHaggett;CristalNelane
ErrickKnowller;DarbGater
CarolanStrotton;DeeDavidofski
MervinMatuszynski;DeeDavidofski
IrwinnFalkner;DeeDavidofski
AxeDanjoie;DeeDavidofski
PansyYarrall;DeeDavidofski
KathlinKleanthous;DeeDavidofski
ReinaldosLudvigsen;DougieSigne
BettineTorpie;DougieSigne
SariDoale;DougieSigne
WinnifredKoeppke;DougieSigne
SigismundoKingman;DougieSigne
TheresitaWigg;DurOrmesher
CooperKilvington;DurOrmesher
WynGurrado;DurOrmesher
SopheyRollings;EdMerriott
ElianoraJerrom;EdMerriott
RamCalton;EdMerriott
ValentinaOLyhane;EdMerriott
WaringBorton;EmmerichYearron
ZebYakovlev;EmmerichYearron
MurdochVallantine;EmmerichYearron
RahelJantet;EmmerichYearron
HusainSalzen;ErrickKnowller
WinfieldBadsworth;ErrickKnowller
KerianneLaurenty;ErrickKnowller
CarylHalford;EveyGook
OberonLimb;FarraMuddiman
DurOrmesher;FarraMuddiman
ImojeanMcDonell;FarraMuddiman
EdMerriott;FarraMuddiman
BurtSkottle;FarraMuddiman
IlseSchulze;FarraMuddiman
FleurSkowcraft;FarraMuddiman
QuinlanTollerton;FergusBlance
AlisanderGierck;FergusBlance
AlonzoKas;FergusBlance
BaileyAnney;FergusBlance
PernellAskell;FlorriOrteau
BrookAssur;FlorriOrteau
OthilieFreeborne;FlorriOrteau
ShermanTinkham;FrankieAmar
GustavoElcoux;GabyRevens
TandyFealy;GiovannaWade
EleniCromer;GiovannaWade
MahalaHenstone;GiovannaWade
SandyMatteucci;GiovannaWade
WesleyAlderson;GustavoElcoux
FarraMuddiman;HusainSalzen
MargitDoxey;IllaGerrell
FergusBlance;IllaGerrell
MurialLamyman;IllaGerrell
CybCallen;IllaGerrell
Miof melaBurcher;IlseSchulze
TownLeamon;IlseSchulze
MicahNeeves;IlseSchulze
GabyRevens;IlseSchulze
AnyaPhilbrook;IlseSchulze
RosVonHelmholtz;JacquelineBeinke
JoseeBelmont;JacquelineBeinke
OneidaDavern;JardReade
DarbGater;JoiceDevall
BenjyRittelmeyer;JoseeBelmont
MabDillingston;KaliSavile
ArtieClac;KaliSavile
ShaniePidwell;KaliSavile
ArchambaultRosentholer;KaliSavile
ArdisPriest;KaliSavile
CristalNelane;KaliSavile
KimmiWemes;KaliSavile
RagnarKillingback;KathlinKleanthous
LolaFearfull;KathlinKleanthous
AdianaDonneely;KathlinKleanthous
DeeDavidofski;KeenWroth
NobyChittem;KeenWroth
AilisRenals;KeenWroth
DanielDuplock;KeenWroth
ArdeliaPerl;KorieWyllie
MelisentTran;KorieWyllie
JoiceDevall;LibbyCarden
FrankieAmar;LibbyCarden
PaxonHultberg;LibbyCarden
KennanMeigh;LibbyCarden
EveyGook;LibbyCarden
DougieSigne;LolaFearfull
KeenWroth;MabDillingston
DottiDennant;MabDillingston
MasonPettecrew;MabDillingston
TristanCharteris;MabDillingston
AntonyWhatham;MahalaHenstone
SachaMorad;MahalaHenstone
RaimundPaolazzi;MahalaHenstone
JardReade;MahalaHenstone
FlorriOrteau;MasonPettecrew
IllaGerrell;MasonPettecrew
AmabelleChicchelli;MasonPettecrew
KaliSavile;MervinMatuszynski
JourdainFend;MervinMatuszynski
DelilaSenner;MervinMatuszynski
LibbyCarden;MervinMatuszynski
DaronTrassler;MervinMatuszynski
OliviaGotfrey;MicahNeeves
CaleKelledy;MicahNeeves
EmmerichYearron;MikaelaVerecker
SullyAlbrook;MiofmelaBurcher
KorieWyllie;MiofmelaBurcher
TobeyDeFraine;MiofmelaBurcher
ReeseGwinn;MurdochVallantine
KingAllanby;NobyChittem
CindaCurnokk;OliviaGotfrey
WardeDensey;OliviaGotfrey
GiovannaWade;OliviaGotfrey
BogeyAmesbury;OliviaGotfrey
EmmottKummerlowe;OliviaGotfrey
MikaelaVerecker;OneidaDavern
JacquelineBeinke;OneidaDavern
YumaLansly;OthilieFreeborne
SusetteGlowacki;PansyYarrall
NatalyaHaggett;PernellAskell
ErrickKnowller;PernellAskell
CarolanStrotton;PernellAskell
MervinMatuszynski;PernellAskell
IrwinnFalkner;QuinlanTollerton
AxeDanjoie;RagnarKillingback
PansyYarrall;RagnarKillingback
KathlinKleanthous;RagnarKillingback
ReinaldosLudvigsen;RagnarKillingback
BettineTorpie;RagnarKillingback
SariDoale;RagnarKillingback
WinnifredKoeppke;RagnarKillingback
SigismundoKingman;RagnarKillingback
TheresitaWigg;RahelJantet
CooperKilvington;RahelJantet
WynGurrado;RahelJantet
SopheyRollings;RahelJantet
ElianoraJerrom;RahelJantet
RamCalton;RaimundPaolazzi
ValentinaOLyhane;RamCalton
ElvinWhitta;RamCalton
WaringBorton;RamCalton
ZebYakovlev;RamCalton
MurdochVallantine;ReeseGwinn
RahelJantet;ReeseGwinn
HusainSalzen;ReeseGwinn
WinfieldBadsworth;ReeseGwinn
KerianneLaurenty;ReeseGwinn
CarylHalford;ReeseGwinn
OberonLimb;SachaMorad
DurOrmesher;SachaMorad
ImojeanMcDonell;SachaMorad
EdMerriott;ShermanTinkham
BurtSkottle;ShermanTinkham
IlseSchulze;SopheyRollings
FleurSkowcraft;SopheyRollings
QuinlanTollerton;SopheyRollings
AlisanderGierck;SopheyRollings
AlonzoKas;SullyAlbrook
BaileyAnney;SusetteGlowacki
PernellAskell;SusetteGlowacki
BrookAssur;SusetteGlowacki
OthilieFreeborne;SusetteGlowacki
ShermanTinkham;TandyFealy
GustavoElcoux;TandyFealy
EleniCromer;TandyFealy
MahalaHenstone;TandyFealy
SandyMatteucci;TheresitaWigg
WesleyAlderson;TheresitaWigg
FarraMuddiman;TheresitaWigg
MargitDoxey;TownLeamon
FergusBlance;TristanCharteris
MurialLamyman;TristanCharteris
CybCallen;TristanCharteris
Miof melaBurcher;ValentinaOLyhane
TownLeamon;WardeDensey
MicahNeeves;WinfieldBadsworth
GabyRevens;WinfieldBadsworth
AnyaPhilbrook;WinfieldBadsworth
RosVonHelmholtz;WinfieldBadsworth
JoseeBelmont;WinnifredKoeppke
