userName;mealPlanId
AilisRenals;1
AilisRenals;2
AlisanderGierck;1
AntonyWhatham;1
AnyaPhilbrook;1
ArchambaultRosentholer;1
ArdisPriest;1
ArdisPriest;2
AxeDanjoie;1
AxeDanjoie;2
BaileyAnney;2
BaileyAnney;1
BettineTorpie;1
BogeyAmesbury;1
BogeyAmesbury;2
BrookAssur;1
BurtSkottle;1
CaleKelledy;1
CindaCurnokk;1
CindaCurnokk;2
CooperKilvington;1
CooperKilvington;2
CristalNelane;1
DarbGater;1
DeeDavidofski;1
DeeDavidofski;2
DougieSigne;1
DougieSigne;2
DurOrmesher;1
EdMerriott;1
EdMerriott;2
ElvinWhitta;1
EmmerichYearron;1
EmmerichYearron;2
ErrickKnowller;1
ErrickKnowller;2
EveyGook;1
FarraMuddiman;1
FergusBlance;1
FlorriOrteau;1
FlorriOrteau;2
FrankieAmar;1
GabyRevens;1
GiovannaWade;1
GustavoElcoux;1
HusainSalzen;1
IllaGerrell;1
IlseSchulze;1
IlseSchulze;2
JacquelineBeinke;1
JacquelineBeinke;2
JardReade;1
JoiceDevall;1
JoseeBelmont;1
KaliSavile;1
KaliSavile;2
KathlinKleanthous;1
KathlinKleanthous;2
KeenWroth;1
KeenWroth;2
KorieWyllie;1
KorieWyllie;2
