userName;rating;recipeName
OneidaDavern;3;Bacon - Lamm mit  Baerlauchrisotto
OneidaDavern;4;Balsamico Huehnchen
OneidaDavern;4;Bolognese auf klassische Art
DarbGater;4;Brokkoli - Honig - Haehnchen
BenjyRittelmeyer;3;Brokkoli-Hackfleisch-Pfanne mit Ingwer und Mandel
MabDillingston;2;Couscous Bratlinge
MabDillingston;4;Granatapfelfeldsalat
MabDillingston;3;Fusilli alla siciliana
MabDillingston;1;Gazpacho Andaluz - mit Staudensellerie
MabDillingston;4;Haehnchensteaks auf Tomatenreis
MabDillingston;5;Paprikasuppe mit Curry-Haehnchenbrust
MabDillingston;1;New York Club Sandwich
MabDillingston;5;Carpaccio vom Rind
ArtieClac;2;Gefuellter Fenchel mit Raeucherlachs
ArtieClac;1;Joghurt - Bombe
ArtieClac;3;Gourmet-Schoko-Pudding
ShaniePidwell;2;Kaiserschmarrn
ArchambaultRosentholer;4;Eiweissbrot
ArdisPriest;3;Kuerbisbrot
ArdisPriest;4;Naanbrot
ArdisPriest;4;Spaetzle
ArdisPriest;5;Bacon - Lamm mit  Baerlauchrisotto
ArdisPriest;1;Balsamico Huehnchen
ArdisPriest;4;Bolognese auf klassische Art
ArdisPriest;4;Brokkoli - Honig - Haehnchen
ArdisPriest;5;Brokkoli-Hackfleisch-Pfanne mit Ingwer und Mandel
ArdisPriest;1;Couscous Bratlinge
ArdisPriest;2;Granatapfelfeldsalat
ArdisPriest;4;Fusilli alla siciliana
ArdisPriest;1;Gazpacho Andaluz - mit Staudensellerie
ArdisPriest;4;Haehnchensteaks auf Tomatenreis
ArdisPriest;4;Paprikasuppe mit Curry-Haehnchenbrust
ArdisPriest;5;New York Club Sandwich
CristalNelane;2;Carpaccio vom Rind
CristalNelane;4;Gefuellter Fenchel mit Raeucherlachs
CristalNelane;4;Joghurt - Bombe
CristalNelane;5;Gourmet-Schoko-Pudding
CristalNelane;2;Kaiserschmarrn
CristalNelane;3;Eiweissbrot
CristalNelane;3;Kuerbisbrot
CristalNelane;5;Naanbrot
CristalNelane;4;Spaetzle
CristalNelane;5;Bacon - Lamm mit  Baerlauchrisotto
CristalNelane;1;Balsamico Huehnchen
CristalNelane;3;Bolognese auf klassische Art
CristalNelane;5;Brokkoli - Honig - Haehnchen
KimmiWemes;3;Brokkoli-Hackfleisch-Pfanne mit Ingwer und Mandel
RagnarKillingback;1;Couscous Bratlinge
RagnarKillingback;4;Granatapfelfeldsalat
RagnarKillingback;4;Fusilli alla siciliana
RagnarKillingback;2;Gazpacho Andaluz - mit Staudensellerie
RagnarKillingback;4;Haehnchensteaks auf Tomatenreis
RagnarKillingback;1;Paprikasuppe mit Curry-Haehnchenbrust
RagnarKillingback;3;New York Club Sandwich
RagnarKillingback;3;Carpaccio vom Rind
RagnarKillingback;5;Gefuellter Fenchel mit Raeucherlachs
RagnarKillingback;4;Joghurt - Bombe
RagnarKillingback;5;Gourmet-Schoko-Pudding
RagnarKillingback;1;Kaiserschmarrn
RagnarKillingback;4;Eiweissbrot
RagnarKillingback;1;Kuerbisbrot
RagnarKillingback;5;Naanbrot
RagnarKillingback;3;Spaetzle
RagnarKillingback;3;Bacon - Lamm mit  Baerlauchrisotto
RagnarKillingback;2;Balsamico Huehnchen
RagnarKillingback;2;Bolognese auf klassische Art
LolaFearfull;4;Brokkoli - Honig - Haehnchen
AdianaDonneely;3;Brokkoli-Hackfleisch-Pfanne mit Ingwer und Mandel
DeeDavidofski;4;Couscous Bratlinge
DeeDavidofski;1;Granatapfelfeldsalat
DeeDavidofski;5;Fusilli alla siciliana
DeeDavidofski;4;Gazpacho Andaluz - mit Staudensellerie
DeeDavidofski;5;Haehnchensteaks auf Tomatenreis
DeeDavidofski;1;Paprikasuppe mit Curry-Haehnchenbrust
DeeDavidofski;5;New York Club Sandwich
DeeDavidofski;5;Carpaccio vom Rind
DeeDavidofski;2;Gefuellter Fenchel mit Raeucherlachs
DeeDavidofski;2;Joghurt - Bombe
DeeDavidofski;1;Gourmet-Schoko-Pudding
DeeDavidofski;1;Kaiserschmarrn
DeeDavidofski;3;Eiweissbrot
DeeDavidofski;2;Kuerbisbrot
DeeDavidofski;3;Naanbrot
NobyChittem;4;Spaetzle
AilisRenals;5;Bacon - Lamm mit  Baerlauchrisotto
AilisRenals;3;Balsamico Huehnchen
AilisRenals;4;Bolognese auf klassische Art
AilisRenals;5;Brokkoli - Honig - Haehnchen
AilisRenals;1;Brokkoli-Hackfleisch-Pfanne mit Ingwer und Mandel
AilisRenals;3;Couscous Bratlinge
AilisRenals;3;Granatapfelfeldsalat
DanielDuplock;1;Fusilli alla siciliana
ArdeliaPerl;2;Gazpacho Andaluz - mit Staudensellerie
ArdeliaPerl;1;Haehnchensteaks auf Tomatenreis
ArdeliaPerl;2;Paprikasuppe mit Curry-Haehnchenbrust
ArdeliaPerl;1;New York Club Sandwich
ArdeliaPerl;1;Carpaccio vom Rind
ArdeliaPerl;1;Gefuellter Fenchel mit Raeucherlachs
MelisentTran;1;Joghurt - Bombe
JoiceDevall;2;Gourmet-Schoko-Pudding
JoiceDevall;1;Kaiserschmarrn
JoiceDevall;2;Eiweissbrot
JoiceDevall;4;Kuerbisbrot
JoiceDevall;2;Naanbrot
FrankieAmar;3;Spaetzle
FrankieAmar;3;Bacon - Lamm mit  Baerlauchrisotto
FrankieAmar;2;Balsamico Huehnchen
FrankieAmar;5;Bolognese auf klassische Art
PaxonHultberg;4;Brokkoli - Honig - Haehnchen
KennanMeigh;1;Brokkoli-Hackfleisch-Pfanne mit Ingwer und Mandel
EveyGook;4;Couscous Bratlinge
DougieSigne;3;Granatapfelfeldsalat
DougieSigne;1;Fusilli alla siciliana
DougieSigne;4;Gazpacho Andaluz - mit Staudensellerie
DougieSigne;5;Haehnchensteaks auf Tomatenreis
DougieSigne;2;Paprikasuppe mit Curry-Haehnchenbrust
DougieSigne;5;New York Club Sandwich
DougieSigne;4;Carpaccio vom Rind
DougieSigne;5;Gefuellter Fenchel mit Raeucherlachs
DougieSigne;1;Joghurt - Bombe
DougieSigne;3;Gourmet-Schoko-Pudding
DougieSigne;2;Kaiserschmarrn
KeenWroth;1;Eiweissbrot
KeenWroth;5;Kuerbisbrot
KeenWroth;5;Naanbrot
KeenWroth;1;Spaetzle
KeenWroth;3;Bacon - Lamm mit  Baerlauchrisotto
KeenWroth;5;Balsamico Huehnchen
KeenWroth;2;Bolognese auf klassische Art
KeenWroth;5;Brokkoli - Honig - Haehnchen
KeenWroth;2;Brokkoli-Hackfleisch-Pfanne mit Ingwer und Mandel
KeenWroth;1;Couscous Bratlinge
KeenWroth;2;Granatapfelfeldsalat
DottiDennant;3;Fusilli alla siciliana
MasonPettecrew;3;Gazpacho Andaluz - mit Staudensellerie
MasonPettecrew;5;Haehnchensteaks auf Tomatenreis
MasonPettecrew;5;Paprikasuppe mit Curry-Haehnchenbrust
MasonPettecrew;2;New York Club Sandwich
MasonPettecrew;1;Carpaccio vom Rind
MasonPettecrew;2;Gefuellter Fenchel mit Raeucherlachs
MasonPettecrew;3;Joghurt - Bombe
MasonPettecrew;3;Gourmet-Schoko-Pudding
MasonPettecrew;2;Kaiserschmarrn
MasonPettecrew;1;Eiweissbrot
MasonPettecrew;5;Kuerbisbrot
TristanCharteris;2;Naanbrot
TristanCharteris;1;Spaetzle
TristanCharteris;1;Bacon - Lamm mit  Baerlauchrisotto
TristanCharteris;1;Balsamico Huehnchen
TristanCharteris;4;Bolognese auf klassische Art
TristanCharteris;5;Brokkoli - Honig - Haehnchen
TristanCharteris;2;Brokkoli-Hackfleisch-Pfanne mit Ingwer und Mandel
TristanCharteris;3;Couscous Bratlinge
TristanCharteris;5;Granatapfelfeldsalat
TristanCharteris;5;Fusilli alla siciliana
TristanCharteris;3;Gazpacho Andaluz - mit Staudensellerie
TristanCharteris;3;Haehnchensteaks auf Tomatenreis
TristanCharteris;3;Paprikasuppe mit Curry-Haehnchenbrust
TristanCharteris;3;New York Club Sandwich
AntonyWhatham;4;Carpaccio vom Rind
SachaMorad;2;Gefuellter Fenchel mit Raeucherlachs
SachaMorad;3;Joghurt - Bombe
SachaMorad;2;Gourmet-Schoko-Pudding
SachaMorad;2;Kaiserschmarrn
SachaMorad;2;Eiweissbrot
SachaMorad;2;Kuerbisbrot
SachaMorad;4;Naanbrot
SachaMorad;5;Spaetzle
SachaMorad;1;Bacon - Lamm mit  Baerlauchrisotto
SachaMorad;1;Balsamico Huehnchen
SachaMorad;4;Bolognese auf klassische Art
SachaMorad;4;Brokkoli - Honig - Haehnchen
RaimundPaolazzi;5;Brokkoli-Hackfleisch-Pfanne mit Ingwer und Mandel
JardReade;5;Couscous Bratlinge
FlorriOrteau;4;Granatapfelfeldsalat
FlorriOrteau;4;Fusilli alla siciliana
FlorriOrteau;2;Gazpacho Andaluz - mit Staudensellerie
FlorriOrteau;3;Haehnchensteaks auf Tomatenreis
FlorriOrteau;1;Paprikasuppe mit Curry-Haehnchenbrust
FlorriOrteau;5;New York Club Sandwich
FlorriOrteau;2;Carpaccio vom Rind
FlorriOrteau;1;Gefuellter Fenchel mit Raeucherlachs
FlorriOrteau;3;Joghurt - Bombe
FlorriOrteau;1;Gourmet-Schoko-Pudding
IllaGerrell;2;Kaiserschmarrn
IllaGerrell;1;Eiweissbrot
IllaGerrell;3;Kuerbisbrot
IllaGerrell;4;Naanbrot
IllaGerrell;3;Spaetzle
IllaGerrell;2;Bacon - Lamm mit  Baerlauchrisotto
IllaGerrell;4;Balsamico Huehnchen
IllaGerrell;1;Bolognese auf klassische Art
IllaGerrell;5;Brokkoli - Honig - Haehnchen
IllaGerrell;4;Brokkoli-Hackfleisch-Pfanne mit Ingwer und Mandel
AmabelleChicchelli;2;Couscous Bratlinge
KaliSavile;1;Granatapfelfeldsalat
KaliSavile;4;Fusilli alla siciliana
KaliSavile;5;Gazpacho Andaluz - mit Staudensellerie
KaliSavile;5;Haehnchensteaks auf Tomatenreis
KaliSavile;4;Paprikasuppe mit Curry-Haehnchenbrust
KaliSavile;5;New York Club Sandwich
KaliSavile;4;Carpaccio vom Rind
KaliSavile;5;Gefuellter Fenchel mit Raeucherlachs
JourdainFend;3;Joghurt - Bombe
DelilaSenner;3;Gourmet-Schoko-Pudding
LibbyCarden;2;Kaiserschmarrn
LibbyCarden;5;Eiweissbrot
LibbyCarden;1;Kuerbisbrot
LibbyCarden;3;Naanbrot
LibbyCarden;5;Spaetzle
LibbyCarden;5;Bacon - Lamm mit  Baerlauchrisotto
LibbyCarden;2;Balsamico Huehnchen
LibbyCarden;5;Bolognese auf klassische Art
DaronTrassler;4;Brokkoli - Honig - Haehnchen
OliviaGotfrey;2;Brokkoli-Hackfleisch-Pfanne mit Ingwer und Mandel
OliviaGotfrey;5;Couscous Bratlinge
OliviaGotfrey;3;Granatapfelfeldsalat
OliviaGotfrey;4;Fusilli alla siciliana
OliviaGotfrey;3;Gazpacho Andaluz - mit Staudensellerie
OliviaGotfrey;5;Haehnchensteaks auf Tomatenreis
OliviaGotfrey;1;Paprikasuppe mit Curry-Haehnchenbrust
OliviaGotfrey;3;New York Club Sandwich
OliviaGotfrey;4;Carpaccio vom Rind
OliviaGotfrey;2;Gefuellter Fenchel mit Raeucherlachs
OliviaGotfrey;4;Joghurt - Bombe
CaleKelledy;5;Gourmet-Schoko-Pudding
CaleKelledy;1;Kaiserschmarrn
CaleKelledy;3;Eiweissbrot
CaleKelledy;3;Kuerbisbrot
CaleKelledy;4;Naanbrot
CaleKelledy;4;Spaetzle
CaleKelledy;2;Bacon - Lamm mit  Baerlauchrisotto
CaleKelledy;3;Balsamico Huehnchen
CaleKelledy;4;Bolognese auf klassische Art
CaleKelledy;5;Brokkoli - Honig - Haehnchen
EmmerichYearron;5;Brokkoli-Hackfleisch-Pfanne mit Ingwer und Mandel
EmmerichYearron;2;Couscous Bratlinge
EmmerichYearron;3;Granatapfelfeldsalat
EmmerichYearron;5;Fusilli alla siciliana
EmmerichYearron;4;Gazpacho Andaluz - mit Staudensellerie
EmmerichYearron;5;Haehnchensteaks auf Tomatenreis
EmmerichYearron;3;Paprikasuppe mit Curry-Haehnchenbrust
SullyAlbrook;5;New York Club Sandwich
KorieWyllie;5;Carpaccio vom Rind
KorieWyllie;1;Gefuellter Fenchel mit Raeucherlachs
KorieWyllie;2;Joghurt - Bombe
KorieWyllie;1;Gourmet-Schoko-Pudding
KorieWyllie;1;Kaiserschmarrn
KorieWyllie;2;Eiweissbrot
KorieWyllie;3;Kuerbisbrot
KorieWyllie;4;Naanbrot
TobeyDe Fraine;1;Spaetzle
ReeseGwinn;3;Bacon - Lamm mit  Baerlauchrisotto
ReeseGwinn;5;Balsamico Huehnchen
ReeseGwinn;5;Bolognese auf klassische Art
ReeseGwinn;4;Brokkoli - Honig - Haehnchen
ReeseGwinn;1;Brokkoli-Hackfleisch-Pfanne mit Ingwer und Mandel
ReeseGwinn;2;Couscous Bratlinge
ReeseGwinn;1;Granatapfelfeldsalat
ReeseGwinn;4;Fusilli alla siciliana
ReeseGwinn;1;Gazpacho Andaluz - mit Staudensellerie
ReeseGwinn;4;Haehnchensteaks auf Tomatenreis
ReeseGwinn;5;Paprikasuppe mit Curry-Haehnchenbrust
ReeseGwinn;2;New York Club Sandwich
ReeseGwinn;2;Carpaccio vom Rind
KingAllanby;3;Gefuellter Fenchel mit Raeucherlachs
CindaCurnokk;1;Joghurt - Bombe
CindaCurnokk;5;Gourmet-Schoko-Pudding
CindaCurnokk;2;Kaiserschmarrn
CindaCurnokk;4;Eiweissbrot
CindaCurnokk;5;Kuerbisbrot
CindaCurnokk;1;Naanbrot
CindaCurnokk;5;Spaetzle
CindaCurnokk;5;Bacon - Lamm mit  Baerlauchrisotto
CindaCurnokk;3;Balsamico Huehnchen
CindaCurnokk;3;Bolognese auf klassische Art
CindaCurnokk;5;Brokkoli - Honig - Haehnchen
WardeDensey;4;Brokkoli-Hackfleisch-Pfanne mit Ingwer und Mandel
GiovannaWade;2;Couscous Bratlinge
GiovannaWade;1;Granatapfelfeldsalat
GiovannaWade;1;Fusilli alla siciliana
GiovannaWade;2;Gazpacho Andaluz - mit Staudensellerie
GiovannaWade;3;Haehnchensteaks auf Tomatenreis
GiovannaWade;4;Paprikasuppe mit Curry-Haehnchenbrust
GiovannaWade;1;New York Club Sandwich
GiovannaWade;4;Carpaccio vom Rind
GiovannaWade;5;Gefuellter Fenchel mit Raeucherlachs
GiovannaWade;1;Joghurt - Bombe
GiovannaWade;3;Gourmet-Schoko-Pudding
GiovannaWade;1;Kaiserschmarrn
GiovannaWade;5;Eiweissbrot
BogeyAmesbury;1;Kuerbisbrot
BogeyAmesbury;5;Naanbrot
BogeyAmesbury;2;Spaetzle
BogeyAmesbury;1;Bacon - Lamm mit  Baerlauchrisotto
BogeyAmesbury;1;Balsamico Huehnchen
BogeyAmesbury;3;Bolognese auf klassische Art
BogeyAmesbury;4;Brokkoli - Honig - Haehnchen
BogeyAmesbury;2;Brokkoli-Hackfleisch-Pfanne mit Ingwer und Mandel
BogeyAmesbury;2;Couscous Bratlinge
EmmottKummerlowe;2;Granatapfelfeldsalat
MikaelaVerecker;4;Fusilli alla siciliana
JacquelineBeinke;5;Gazpacho Andaluz - mit Staudensellerie
JacquelineBeinke;3;Haehnchensteaks auf Tomatenreis
JacquelineBeinke;3;Paprikasuppe mit Curry-Haehnchenbrust
JacquelineBeinke;3;New York Club Sandwich
JacquelineBeinke;1;Carpaccio vom Rind
JacquelineBeinke;3;Gefuellter Fenchel mit Raeucherlachs
JacquelineBeinke;3;Joghurt - Bombe
JacquelineBeinke;1;Gourmet-Schoko-Pudding
JacquelineBeinke;2;Kaiserschmarrn
JacquelineBeinke;3;Eiweissbrot
JacquelineBeinke;4;Kuerbisbrot
JacquelineBeinke;3;Naanbrot
YumaLansly;1;Spaetzle
SusetteGlowacki;2;Bacon - Lamm mit  Baerlauchrisotto
SusetteGlowacki;2;Balsamico Huehnchen
SusetteGlowacki;1;Bolognese auf klassische Art
SusetteGlowacki;5;Brokkoli - Honig - Haehnchen
SusetteGlowacki;5;Brokkoli-Hackfleisch-Pfanne mit Ingwer und Mandel
SusetteGlowacki;4;Couscous Bratlinge
SusetteGlowacki;4;Granatapfelfeldsalat
SusetteGlowacki;3;Fusilli alla siciliana
SusetteGlowacki;5;Gazpacho Andaluz - mit Staudensellerie
SusetteGlowacki;2;Haehnchensteaks auf Tomatenreis
NatalyaHaggett;2;Paprikasuppe mit Curry-Haehnchenbrust
ErrickKnowller;1;New York Club Sandwich
ErrickKnowller;4;Carpaccio vom Rind
ErrickKnowller;1;Gefuellter Fenchel mit Raeucherlachs
ErrickKnowller;2;Joghurt - Bombe
ErrickKnowller;5;Gourmet-Schoko-Pudding
ErrickKnowller;2;Kaiserschmarrn
ErrickKnowller;1;Eiweissbrot
ErrickKnowller;2;Kuerbisbrot
ErrickKnowller;3;Naanbrot
CarolanStrotton;1;Spaetzle
MervinMatuszynski;1;Bacon - Lamm mit  Baerlauchrisotto
MervinMatuszynski;5;Balsamico Huehnchen
MervinMatuszynski;3;Bolognese auf klassische Art
MervinMatuszynski;5;Brokkoli - Honig - Haehnchen
MervinMatuszynski;4;Brokkoli-Hackfleisch-Pfanne mit Ingwer und Mandel
MervinMatuszynski;1;Couscous Bratlinge
MervinMatuszynski;1;Granatapfelfeldsalat
MervinMatuszynski;1;Fusilli alla siciliana
MervinMatuszynski;4;Gazpacho Andaluz - mit Staudensellerie
MervinMatuszynski;5;Haehnchensteaks auf Tomatenreis
MervinMatuszynski;2;Paprikasuppe mit Curry-Haehnchenbrust
IrwinnFalkner;1;New York Club Sandwich
AxeDanjoie;5;Carpaccio vom Rind
AxeDanjoie;5;Gefuellter Fenchel mit Raeucherlachs
AxeDanjoie;5;Joghurt - Bombe
AxeDanjoie;1;Gourmet-Schoko-Pudding
AxeDanjoie;1;Kaiserschmarrn
AxeDanjoie;1;Eiweissbrot
AxeDanjoie;5;Kuerbisbrot
AxeDanjoie;3;Naanbrot
AxeDanjoie;4;Spaetzle
AxeDanjoie;1;Bacon - Lamm mit  Baerlauchrisotto
AxeDanjoie;3;Balsamico Huehnchen
PansyYarrall;5;Bolognese auf klassische Art
KathlinKleanthous;5;Brokkoli - Honig - Haehnchen
KathlinKleanthous;3;Brokkoli-Hackfleisch-Pfanne mit Ingwer und Mandel
KathlinKleanthous;2;Couscous Bratlinge
KathlinKleanthous;3;Granatapfelfeldsalat
KathlinKleanthous;5;Fusilli alla siciliana
KathlinKleanthous;2;Gazpacho Andaluz - mit Staudensellerie
KathlinKleanthous;5;Haehnchensteaks auf Tomatenreis
KathlinKleanthous;1;Paprikasuppe mit Curry-Haehnchenbrust
KathlinKleanthous;2;New York Club Sandwich
ReinaldosLudvigsen;1;Carpaccio vom Rind
BettineTorpie;1;Gefuellter Fenchel mit Raeucherlachs
BettineTorpie;5;Joghurt - Bombe
BettineTorpie;3;Gourmet-Schoko-Pudding
BettineTorpie;2;Kaiserschmarrn
BettineTorpie;5;Eiweissbrot
BettineTorpie;5;Kuerbisbrot
BettineTorpie;1;Naanbrot
BettineTorpie;4;Spaetzle
BettineTorpie;3;Bacon - Lamm mit  Baerlauchrisotto
BettineTorpie;1;Balsamico Huehnchen
SariDoale;3;Bolognese auf klassische Art
WinnifredKoeppke;4;Brokkoli - Honig - Haehnchen
WinnifredKoeppke;2;Brokkoli-Hackfleisch-Pfanne mit Ingwer und Mandel
WinnifredKoeppke;1;Couscous Bratlinge
WinnifredKoeppke;3;Granatapfelfeldsalat
WinnifredKoeppke;4;Fusilli alla siciliana
WinnifredKoeppke;1;Gazpacho Andaluz - mit Staudensellerie
WinnifredKoeppke;2;Haehnchensteaks auf Tomatenreis
WinnifredKoeppke;3;Paprikasuppe mit Curry-Haehnchenbrust
WinnifredKoeppke;5;New York Club Sandwich
SigismundoKingman;3;Carpaccio vom Rind
TheresitaWigg;1;Gefuellter Fenchel mit Raeucherlachs
TheresitaWigg;1;Joghurt - Bombe
TheresitaWigg;1;Gourmet-Schoko-Pudding
TheresitaWigg;1;Kaiserschmarrn
TheresitaWigg;4;Eiweissbrot
TheresitaWigg;4;Kuerbisbrot
TheresitaWigg;2;Naanbrot
TheresitaWigg;1;Spaetzle
TheresitaWigg;2;Bacon - Lamm mit  Baerlauchrisotto
TheresitaWigg;1;Balsamico Huehnchen
TheresitaWigg;5;Bolognese auf klassische Art
CooperKilvington;5;Brokkoli - Honig - Haehnchen
CooperKilvington;1;Brokkoli-Hackfleisch-Pfanne mit Ingwer und Mandel
CooperKilvington;3;Couscous Bratlinge
CooperKilvington;4;Granatapfelfeldsalat
CooperKilvington;1;Fusilli alla siciliana
CooperKilvington;5;Gazpacho Andaluz - mit Staudensellerie
CooperKilvington;4;Haehnchensteaks auf Tomatenreis
CooperKilvington;2;Paprikasuppe mit Curry-Haehnchenbrust
CooperKilvington;3;New York Club Sandwich
CooperKilvington;5;Carpaccio vom Rind
CooperKilvington;2;Gefuellter Fenchel mit Raeucherlachs
WynGurrado;1;Joghurt - Bombe
SopheyRollings;4;Gourmet-Schoko-Pudding
SopheyRollings;2;Kaiserschmarrn
SopheyRollings;1;Eiweissbrot
SopheyRollings;5;Kuerbisbrot
SopheyRollings;3;Naanbrot
SopheyRollings;4;Spaetzle
SopheyRollings;4;Bacon - Lamm mit  Baerlauchrisotto
SopheyRollings;2;Balsamico Huehnchen
SopheyRollings;3;Bolognese auf klassische Art
SopheyRollings;4;Brokkoli - Honig - Haehnchen
ElianoraJerrom;1;Brokkoli-Hackfleisch-Pfanne mit Ingwer und Mandel
RamCalton;5;Couscous Bratlinge
RamCalton;2;Granatapfelfeldsalat
RamCalton;2;Fusilli alla siciliana
RamCalton;5;Gazpacho Andaluz - mit Staudensellerie
RamCalton;2;Haehnchensteaks auf Tomatenreis
RamCalton;1;Paprikasuppe mit Curry-Haehnchenbrust
RamCalton;5;New York Club Sandwich
RamCalton;5;Carpaccio vom Rind
RamCalton;2;Gefuellter Fenchel mit Raeucherlachs
ValentinaOLyhane;5;Joghurt - Bombe
ElvinWhitta;5;Gourmet-Schoko-Pudding
WaringBorton;2;Kaiserschmarrn
ZebYakovlev;2;Eiweissbrot
MurdochVallantine;5;Kuerbisbrot
RahelJantet;2;Naanbrot
RahelJantet;1;Spaetzle
RahelJantet;5;Bacon - Lamm mit  Baerlauchrisotto
RahelJantet;4;Balsamico Huehnchen
RahelJantet;2;Bolognese auf klassische Art
RahelJantet;5;Brokkoli - Honig - Haehnchen
RahelJantet;3;Brokkoli-Hackfleisch-Pfanne mit Ingwer und Mandel
RahelJantet;5;Couscous Bratlinge
RahelJantet;1;Granatapfelfeldsalat
RahelJantet;2;Fusilli alla siciliana
RahelJantet;1;Gazpacho Andaluz - mit Staudensellerie
RahelJantet;5;Haehnchensteaks auf Tomatenreis
HusainSalzen;5;Paprikasuppe mit Curry-Haehnchenbrust
WinfieldBadsworth;3;New York Club Sandwich
WinfieldBadsworth;2;Carpaccio vom Rind
WinfieldBadsworth;3;Gefuellter Fenchel mit Raeucherlachs
WinfieldBadsworth;4;Joghurt - Bombe
WinfieldBadsworth;4;Gourmet-Schoko-Pudding
WinfieldBadsworth;1;Kaiserschmarrn
WinfieldBadsworth;2;Eiweissbrot
WinfieldBadsworth;5;Kuerbisbrot
WinfieldBadsworth;3;Naanbrot
WinfieldBadsworth;1;Spaetzle
WinfieldBadsworth;3;Bacon - Lamm mit  Baerlauchrisotto
WinfieldBadsworth;2;Balsamico Huehnchen
WinfieldBadsworth;1;Bolognese auf klassische Art
KerianneLaurenty;4;Brokkoli - Honig - Haehnchen
CarylHalford;1;Brokkoli-Hackfleisch-Pfanne mit Ingwer und Mandel
OberonLimb;3;Couscous Bratlinge
DurOrmesher;3;Granatapfelfeldsalat
DurOrmesher;4;Fusilli alla siciliana
DurOrmesher;1;Gazpacho Andaluz - mit Staudensellerie
DurOrmesher;1;Haehnchensteaks auf Tomatenreis
DurOrmesher;4;Paprikasuppe mit Curry-Haehnchenbrust
DurOrmesher;1;New York Club Sandwich
DurOrmesher;1;Carpaccio vom Rind
DurOrmesher;4;Gefuellter Fenchel mit Raeucherlachs
DurOrmesher;3;Joghurt - Bombe
DurOrmesher;3;Gourmet-Schoko-Pudding
ImojeanMcDonell;1;Kaiserschmarrn
EdMerriott;3;Eiweissbrot
EdMerriott;4;Kuerbisbrot
EdMerriott;4;Naanbrot
EdMerriott;2;Spaetzle
EdMerriott;2;Bacon - Lamm mit  Baerlauchrisotto
EdMerriott;5;Balsamico Huehnchen
EdMerriott;1;Bolognese auf klassische Art
EdMerriott;5;Brokkoli - Honig - Haehnchen
EdMerriott;4;Brokkoli-Hackfleisch-Pfanne mit Ingwer und Mandel
EdMerriott;3;Couscous Bratlinge
EdMerriott;2;Granatapfelfeldsalat
EdMerriott;1;Fusilli alla siciliana
BurtSkottle;5;Gazpacho Andaluz - mit Staudensellerie
IlseSchulze;5;Haehnchensteaks auf Tomatenreis
IlseSchulze;3;Paprikasuppe mit Curry-Haehnchenbrust
IlseSchulze;5;New York Club Sandwich
IlseSchulze;2;Carpaccio vom Rind
IlseSchulze;2;Gefuellter Fenchel mit Raeucherlachs
IlseSchulze;2;Joghurt - Bombe
IlseSchulze;4;Gourmet-Schoko-Pudding
IlseSchulze;2;Kaiserschmarrn
IlseSchulze;2;Eiweissbrot
IlseSchulze;2;Kuerbisbrot
IlseSchulze;5;Naanbrot
FleurSkowcraft;2;Spaetzle
QuinlanTollerton;4;Bacon - Lamm mit  Baerlauchrisotto
AlisanderGierck;2;Balsamico Huehnchen
AlisanderGierck;3;Bolognese auf klassische Art
AlisanderGierck;4;Brokkoli - Honig - Haehnchen
AlisanderGierck;2;Brokkoli-Hackfleisch-Pfanne mit Ingwer und Mandel
AlisanderGierck;4;Couscous Bratlinge
AlisanderGierck;4;Granatapfelfeldsalat
AlisanderGierck;2;Fusilli alla siciliana
AlisanderGierck;4;Gazpacho Andaluz - mit Staudensellerie
AlisanderGierck;1;Haehnchensteaks auf Tomatenreis
AlisanderGierck;2;Paprikasuppe mit Curry-Haehnchenbrust
AlisanderGierck;1;New York Club Sandwich
AlisanderGierck;4;Carpaccio vom Rind
AlisanderGierck;3;Gefuellter Fenchel mit Raeucherlachs
AlisanderGierck;4;Joghurt - Bombe
AlisanderGierck;4;Gourmet-Schoko-Pudding
AlisanderGierck;2;Kaiserschmarrn
AlonzoKas;3;Eiweissbrot
BaileyAnney;5;Kuerbisbrot
PernellAskell;4;Naanbrot
PernellAskell;2;Spaetzle
PernellAskell;1;Bacon - Lamm mit  Baerlauchrisotto
PernellAskell;1;Balsamico Huehnchen
PernellAskell;3;Bolognese auf klassische Art
PernellAskell;5;Brokkoli - Honig - Haehnchen
PernellAskell;2;Brokkoli-Hackfleisch-Pfanne mit Ingwer und Mandel
PernellAskell;1;Couscous Bratlinge
PernellAskell;4;Granatapfelfeldsalat
PernellAskell;4;Fusilli alla siciliana
PernellAskell;2;Gazpacho Andaluz - mit Staudensellerie
BrookAssur;5;Haehnchensteaks auf Tomatenreis
OthilieFreeborne;5;Paprikasuppe mit Curry-Haehnchenbrust
ShermanTinkham;3;New York Club Sandwich
ShermanTinkham;3;Carpaccio vom Rind
ShermanTinkham;3;Gefuellter Fenchel mit Raeucherlachs
ShermanTinkham;2;Joghurt - Bombe
ShermanTinkham;4;Gourmet-Schoko-Pudding
ShermanTinkham;1;Kaiserschmarrn
ShermanTinkham;2;Eiweissbrot
ShermanTinkham;1;Kuerbisbrot
ShermanTinkham;2;Naanbrot
ShermanTinkham;2;Spaetzle
ShermanTinkham;1;Bacon - Lamm mit  Baerlauchrisotto
GustavoElcoux;5;Balsamico Huehnchen
TandyFealy;3;Bolognese auf klassische Art
TandyFealy;4;Brokkoli - Honig - Haehnchen
TandyFealy;5;Brokkoli-Hackfleisch-Pfanne mit Ingwer und Mandel
TandyFealy;3;Couscous Bratlinge
TandyFealy;1;Granatapfelfeldsalat
TandyFealy;1;Fusilli alla siciliana
TandyFealy;4;Gazpacho Andaluz - mit Staudensellerie
TandyFealy;5;Haehnchensteaks auf Tomatenreis
TandyFealy;1;Paprikasuppe mit Curry-Haehnchenbrust
TandyFealy;1;New York Club Sandwich
TandyFealy;4;Carpaccio vom Rind
EleniCromer;1;Gefuellter Fenchel mit Raeucherlachs
MahalaHenstone;5;Joghurt - Bombe
MahalaHenstone;2;Gourmet-Schoko-Pudding
MahalaHenstone;2;Kaiserschmarrn
MahalaHenstone;2;Eiweissbrot
MahalaHenstone;3;Kuerbisbrot
MahalaHenstone;1;Naanbrot
MahalaHenstone;1;Spaetzle
MahalaHenstone;4;Bacon - Lamm mit  Baerlauchrisotto
MahalaHenstone;5;Balsamico Huehnchen
MahalaHenstone;3;Bolognese auf klassische Art
SandyMatteucci;5;Brokkoli - Honig - Haehnchen
WesleyAlderson;3;Brokkoli-Hackfleisch-Pfanne mit Ingwer und Mandel
FarraMuddiman;2;Couscous Bratlinge
FarraMuddiman;5;Granatapfelfeldsalat
FarraMuddiman;4;Fusilli alla siciliana
FarraMuddiman;5;Gazpacho Andaluz - mit Staudensellerie
FarraMuddiman;1;Haehnchensteaks auf Tomatenreis
FarraMuddiman;2;Paprikasuppe mit Curry-Haehnchenbrust
FarraMuddiman;4;New York Club Sandwich
FarraMuddiman;5;Carpaccio vom Rind
FarraMuddiman;5;Gefuellter Fenchel mit Raeucherlachs
FarraMuddiman;4;Joghurt - Bombe
MargitDoxey;1;Gourmet-Schoko-Pudding
FergusBlance;2;Kaiserschmarrn
FergusBlance;1;Eiweissbrot
FergusBlance;1;Kuerbisbrot
FergusBlance;2;Naanbrot
FergusBlance;3;Spaetzle
FergusBlance;4;Bacon - Lamm mit  Baerlauchrisotto
FergusBlance;5;Balsamico Huehnchen
FergusBlance;4;Bolognese auf klassische Art
FergusBlance;4;Brokkoli - Honig - Haehnchen
FergusBlance;2;Brokkoli-Hackfleisch-Pfanne mit Ingwer und Mandel
MurialLamyman;1;Couscous Bratlinge
CybCallen;1;Granatapfelfeldsalat
MiofmelaBurcher;4;Fusilli alla siciliana
MiofmelaBurcher;2;Gazpacho Andaluz - mit Staudensellerie
MiofmelaBurcher;4;Haehnchensteaks auf Tomatenreis
MiofmelaBurcher;3;Paprikasuppe mit Curry-Haehnchenbrust
MiofmelaBurcher;3;New York Club Sandwich
MiofmelaBurcher;1;Carpaccio vom Rind
MiofmelaBurcher;4;Gefuellter Fenchel mit Raeucherlachs
TownLeamon;4;Joghurt - Bombe
MicahNeeves;5;Gourmet-Schoko-Pudding
MicahNeeves;2;Kaiserschmarrn
MicahNeeves;5;Eiweissbrot
MicahNeeves;3;Kuerbisbrot
MicahNeeves;3;Naanbrot
GabyRevens;1;Spaetzle
GabyRevens;1;Bacon - Lamm mit  Baerlauchrisotto
GabyRevens;4;Balsamico Huehnchen
GabyRevens;3;Bolognese auf klassische Art
AnyaPhilbrook;4;Brokkoli - Honig - Haehnchen
AnyaPhilbrook;4;Brokkoli-Hackfleisch-Pfanne mit Ingwer und Mandel
AnyaPhilbrook;2;Couscous Bratlinge
RosVonHelmholtz;3;Granatapfelfeldsalat
JoseeBelmont;4;Fusilli alla siciliana
